Route stop,Business,Required fields present,Missing fields,Description length,Evidence length,Google Maps link valid,GitHub aggregate link valid,Vercel aggregate link valid,Latitude/longitude numeric,Audit status,Notes
1,MO's Deli & Cafe,YES,,100,458,YES,YES,YES,YES,PASS,
2,Michele's Hair Care,YES,,111,708,YES,YES,YES,YES,PASS,
3,SeeU Cafe,YES,,100,428,YES,YES,YES,YES,PASS,
4,Belmont Dental,YES,,107,1034,YES,YES,YES,YES,PASS,
5,Pilgrim Kitchen,YES,,130,468,YES,YES,YES,YES,PASS,
6,Java Blue (Patio Coffee Shop),YES,,125,642,YES,YES,YES,YES,PASS,
7,Sunesy Hair Design,YES,,111,860,YES,YES,YES,YES,PASS,
8,The Pantry,YES,,125,449,YES,YES,YES,YES,PASS,
9,Bucky’s Cocktail Lounge,YES,,104,1300,YES,YES,YES,YES,PASS,
10,Spiedo Restaurant,YES,,125,373,YES,YES,YES,YES,PASS,
11,Izakaya Mai,YES,,125,1016,YES,YES,YES,YES,PASS,
12,Gosch Bros Auto Pros,YES,,125,224,YES,YES,YES,YES,PASS,
13,L'Vian Boutique,YES,,137,973,YES,YES,YES,YES,PASS,
14,V&V Nails,YES,,113,453,YES,YES,YES,YES,PASS,
15,De Design,YES,,113,445,YES,YES,YES,YES,PASS,
16,The Kitchen,YES,,125,726,YES,YES,YES,YES,PASS,
17,San Bruno Transmission & Auto Repair,YES,,125,350,YES,YES,YES,YES,PASS,
18,Fil-Am Cuisine 2,YES,,95,964,YES,YES,YES,YES,PASS,
19,South City Hair,YES,,111,1092,YES,YES,YES,YES,PASS,
20,Melissa's Taqueria,YES,,125,476,YES,YES,YES,YES,PASS,
21,Round N Round Pot,YES,,125,460,YES,YES,YES,YES,PASS,
22,Pupuseria El Golazo,YES,,95,1194,YES,YES,YES,YES,PASS,
23,J&J Hardware Store,YES,,137,464,YES,YES,YES,YES,PASS,
24,Taqueria La Iguana Azul,YES,,125,450,YES,YES,YES,YES,PASS,
25,Ray Oliver Caoili D.D.S.,YES,,107,220,YES,YES,YES,YES,PASS,
26,Western Donuts,YES,,95,473,YES,YES,YES,YES,PASS,
27,Tikal,YES,,125,413,YES,YES,YES,YES,PASS,
28,Taqueria Mi Sazon,YES,,125,705,YES,YES,YES,YES,PASS,
29,Hayden Auto Care,YES,,125,269,YES,YES,YES,YES,PASS,
30,Excelsior Auto Care,YES,,125,1097,YES,YES,YES,YES,PASS,
31,BeeFadezz,YES,,111,223,YES,YES,YES,YES,PASS,
32,Da Pan,YES,,95,654,YES,YES,YES,YES,PASS,
33,Hall of Flame,YES,,125,473,YES,YES,YES,YES,PASS,
34,Emmy's Restaurant,YES,,125,445,YES,YES,YES,YES,PASS,
35,Mahogany House of Styles,YES,,113,455,YES,YES,YES,YES,PASS,
36,Java on Ocean Cafe,YES,,100,445,YES,YES,YES,YES,PASS,
37,Jolie Elegance Spa,YES,,113,813,YES,YES,YES,YES,PASS,
38,Sakesan Sushi & Robata,YES,,125,471,YES,YES,YES,YES,PASS,
39,Go Go 7,YES,,125,1028,YES,YES,YES,YES,PASS,
40,Tasty Coffee,YES,,100,468,YES,YES,YES,YES,PASS,
41,Double Shot Coffee,YES,,100,471,YES,YES,YES,YES,PASS,
42,Oscar Laundromat,YES,,88,227,YES,YES,YES,YES,PASS,
43,Tanjessy Gifts Jewelry & Accessories,YES,,137,310,YES,YES,YES,YES,PASS,
44,Pacitas Salvadorean Bakery,YES,,130,460,YES,YES,YES,YES,PASS,
45,Los Planes de Renderos,YES,,125,424,YES,YES,YES,YES,PASS,
46,Unique Automotive,YES,,125,1079,YES,YES,YES,YES,PASS,
47,TS cafe,YES,,100,467,YES,YES,YES,YES,PASS,
48,Cafe Bello,YES,,100,428,YES,YES,YES,YES,PASS,
49,Higher Grounds Coffee House and Restaurant,YES,,125,218,YES,YES,YES,YES,PASS,
50,Choice Yakiniku,YES,,125,428,YES,YES,YES,YES,PASS,
51,Of Barbers and Bears,YES,,111,692,YES,YES,YES,YES,PASS,
52,Noe Bagels,YES,,125,185,YES,YES,YES,YES,PASS,
53,Dumpling Kitchen,YES,,125,428,YES,YES,YES,YES,PASS,
54,Hillside Laundromat,YES,,88,441,YES,YES,YES,YES,PASS,
55,Esperpento,YES,,125,476,YES,YES,YES,YES,PASS,
56,Eyebrow Star,YES,,113,792,YES,YES,YES,YES,PASS,
57,Vanessa's Beauty Salon,YES,,113,472,YES,YES,YES,YES,PASS,
58,Primera Insurance Agency,YES,,137,1109,YES,YES,YES,YES,PASS,
59,Las Palmeras,YES,,125,1188,YES,YES,YES,YES,PASS,
60,J. J. Jewelers,YES,,137,783,YES,YES,YES,YES,PASS,
61,The Jelly Donut,YES,,125,450,YES,YES,YES,YES,PASS,
62,Jose R. Sanchez Diamond Setter,YES,,137,465,YES,YES,YES,YES,PASS,
63,Cholo Soy,YES,,125,645,YES,YES,YES,YES,PASS,
64,Center Nails,YES,,113,992,YES,YES,YES,YES,PASS,
65,Géminis Barber Shop,YES,,111,1153,YES,YES,YES,YES,PASS,
66,Ambaro Salon & Barbet,YES,,111,733,YES,YES,YES,YES,PASS,
67,Ana's Dreams,YES,,111,378,YES,YES,YES,YES,PASS,
68,Laura's Beauty and Barber Shop,YES,,111,703,YES,YES,YES,YES,PASS,
69,The Phone Booth,YES,,104,878,YES,YES,YES,YES,PASS,
70,Hollywood Beauty Salon,YES,,111,731,YES,YES,YES,YES,PASS,
71,Ariel’s Breakfast Mi Yucatan,YES,,95,460,YES,YES,YES,YES,PASS,
72,Lian Nails,YES,,113,479,YES,YES,YES,YES,PASS,
73,Eddy's Tax and Accounting,YES,,137,171,YES,YES,YES,YES,PASS,
74,El Rinconcito Nicaraguense,YES,,125,464,YES,YES,YES,YES,PASS,
75,El Honduras,YES,,125,448,YES,YES,YES,YES,PASS,
76,Las Brisas de Acapulco,YES,,125,449,YES,YES,YES,YES,PASS,
77,Eco Jewelers,YES,,137,698,YES,YES,YES,YES,PASS,
78,Healthy Nails,YES,,113,344,YES,YES,YES,YES,PASS,
79,Taqueria Can-Cún,YES,,125,393,YES,YES,YES,YES,PASS,
80,Royal Cuckoo,YES,,104,450,YES,YES,YES,YES,PASS,
81,Pacific Collision Care,YES,,125,1218,YES,YES,YES,YES,PASS,
82,Big Mouth Burgers & Beers,YES,,125,277,YES,YES,YES,YES,PASS,
83,Ezzo Rotisserie,YES,,125,450,YES,YES,YES,YES,PASS,
84,El Trebol,YES,,104,425,YES,YES,YES,YES,PASS,
85,Pan Lido Salvadoreno,YES,,130,462,YES,YES,YES,YES,PASS,
86,Fiesta Laundromat,YES,,88,1164,YES,YES,YES,YES,PASS,
87,Dragon City Bakery,YES,,130,1064,YES,YES,YES,YES,PASS,
88,Ambaro,YES,,111,455,YES,YES,YES,YES,PASS,
89,Little Kite Asian Fusion,YES,,125,407,YES,YES,YES,YES,PASS,
90,Angelica's Hair Salon,YES,,111,468,YES,YES,YES,YES,PASS,
91,Java Supreme,YES,,100,726,YES,YES,YES,YES,PASS,
92,500 Club,YES,,104,447,YES,YES,YES,YES,PASS,
93,Ramen Izakaya Goku,YES,,125,628,YES,YES,YES,YES,PASS,
94,Alhamra,YES,,95,482,YES,YES,YES,YES,PASS,
95,De Angelis,YES,,137,438,YES,YES,YES,YES,PASS,
96,District Tea,YES,,100,437,YES,YES,YES,YES,PASS,
97,Clean Cut,YES,,111,457,YES,YES,YES,YES,PASS,
98,La Barberhood,YES,,111,792,YES,YES,YES,YES,PASS,
99,El Tepa,YES,,125,1306,YES,YES,YES,YES,PASS,
100,Homestead,YES,,104,364,YES,YES,YES,YES,PASS,
101,Irma's Pampagna Restaurant,YES,,125,197,YES,YES,YES,YES,PASS,
102,El Yucateco Bakery,YES,,130,448,YES,YES,YES,YES,PASS,
103,Doña Mago,YES,,125,1060,YES,YES,YES,YES,PASS,
104,Shanghai China Restaurant,YES,,125,455,YES,YES,YES,YES,PASS,
105,All Star Cafe,YES,,100,477,YES,YES,YES,YES,PASS,
106,Tsubasa Sushi,YES,,125,440,YES,YES,YES,YES,PASS,
107,Pete's Launderette & Cleaners,YES,,88,369,YES,YES,YES,YES,PASS,
108,Martuni's,YES,,104,1213,YES,YES,YES,YES,PASS,
109,Nail Art iSF,YES,,113,604,YES,YES,YES,YES,PASS,
110,Zip Zap Hair,YES,,111,395,YES,YES,YES,YES,PASS,
111,Purple Rice,YES,,125,720,YES,YES,YES,YES,PASS,
112,Taquería Estrella,YES,,125,485,YES,YES,YES,YES,PASS,
113,Di Ciccio,YES,,111,1259,YES,YES,YES,YES,PASS,
114,Shanghai Dumpling King,YES,,125,800,YES,YES,YES,YES,PASS,
115,Willkommen,YES,,125,425,YES,YES,YES,YES,PASS,
116,People Hair & Nails Spa,YES,,113,470,YES,YES,YES,YES,PASS,
117,Eiji,YES,,125,550,YES,YES,YES,YES,PASS,
118,Warakubune Sushi,YES,,125,462,YES,YES,YES,YES,PASS,
119,Lisa Hair Design,YES,,111,1070,YES,YES,YES,YES,PASS,
120,Citizen Clothing,YES,,137,447,YES,YES,YES,YES,PASS,
121,Dumpling Kitchen,YES,,125,459,YES,YES,YES,YES,PASS,
122,Bruno Hair Design,YES,,111,439,YES,YES,YES,YES,PASS,
123,The Coffee Lama,YES,,100,438,YES,YES,YES,YES,PASS,
124,Four Seasons Nails & Tanning,YES,,113,460,YES,YES,YES,YES,PASS,
125,Cole Valley Nail Salon,YES,,113,334,YES,YES,YES,YES,PASS,
126,Barrera's Cocina Mexicana,YES,,125,435,YES,YES,YES,YES,PASS,
127,Deluxe Lavender Nail Spa,YES,,113,466,YES,YES,YES,YES,PASS,
128,Hugo Street Launderette,YES,,88,793,YES,YES,YES,YES,PASS,
129,The Yellow Submarine,YES,,95,670,YES,YES,YES,YES,PASS,
130,Lisa's Lash,YES,,113,630,YES,YES,YES,YES,PASS,
131,Daily Beauty Supply & Salon,YES,,113,222,YES,YES,YES,YES,PASS,
132,Mike's Union Auto Service,YES,,125,389,YES,YES,YES,YES,PASS,
133,Salon J,YES,,111,761,YES,YES,YES,YES,PASS,
134,Banh Mi Crunch,YES,,125,1294,YES,YES,YES,YES,PASS,
135,Pasquale's,YES,,125,171,YES,YES,YES,YES,PASS,
136,Street Taco,YES,,125,463,YES,YES,YES,YES,PASS,
137,Yancy's Saloon,YES,,104,439,YES,YES,YES,YES,PASS,
138,Qing Shu,YES,,125,472,YES,YES,YES,YES,PASS,
139,New Eritrean Restaurant & Bar,YES,,125,414,YES,YES,YES,YES,PASS,
140,Accent on Beauty,YES,,113,420,YES,YES,YES,YES,PASS,
141,Avenue Dental,YES,,107,416,YES,YES,YES,YES,PASS,
142,High Touch Nail Salon,YES,,113,457,YES,YES,YES,YES,PASS,
143,Social Cleaning Laundromat,YES,,88,303,YES,YES,YES,YES,PASS,
144,Yummy Yummy,YES,,125,427,YES,YES,YES,YES,PASS,
145,Ben Salon,YES,,111,465,YES,YES,YES,YES,PASS,
146,Irving Subs and Cheese Shop,YES,,95,1248,YES,YES,YES,YES,PASS,
147,Mai Ling Hair Design,YES,,111,470,YES,YES,YES,YES,PASS,
148,Friendly Cuts,YES,,113,482,YES,YES,YES,YES,PASS,
149,Yoma Cafe,YES,,95,464,YES,YES,YES,YES,PASS,
150,Carol Yee Insurance Agency,YES,,137,690,YES,YES,YES,YES,PASS,
151,Lola Milo Salon,YES,,113,546,YES,YES,YES,YES,PASS,
152,Unique Beauty,YES,,113,597,YES,YES,YES,YES,PASS,
153,T T Nail Spa Waxing,YES,,111,1118,YES,YES,YES,YES,PASS,
154,TopCuts,YES,,111,450,YES,YES,YES,YES,PASS,
155,PPQ (Phở Phú Quốc) Beef Noodle House,YES,,125,377,YES,YES,YES,YES,PASS,
156,"Randall W. Tom, DDS",YES,,107,1179,YES,YES,YES,YES,PASS,
157,Salon 828,YES,,111,440,YES,YES,YES,YES,PASS,
158,Modern Design Salon,YES,,113,410,YES,YES,YES,YES,PASS,
159,Salon de Hong Kong,YES,,113,472,YES,YES,YES,YES,PASS,
160,Quê Huong Vietnamese Deli,YES,,125,469,YES,YES,YES,YES,PASS,
161,Guangdong Barbecue Restaurant,YES,,125,997,YES,YES,YES,YES,PASS,
162,Steam Rice Roll King,YES,,125,1224,YES,YES,YES,YES,PASS,
163,Bon Beauty Salon,YES,,111,683,YES,YES,YES,YES,PASS,
164,Happy Bakery / Dim Sum To Go,YES,,100,987,YES,YES,YES,YES,PASS,
165,Sunny WheatField Cafe,YES,,130,515,YES,YES,YES,YES,PASS,
166,All Bay Properties,YES,,137,551,YES,YES,YES,YES,PASS,
167,City Cuts,YES,,111,436,YES,YES,YES,YES,PASS,
168,Top Design Beauty Salon,YES,,113,455,YES,YES,YES,YES,PASS,
169,C & W Tailoring,YES,,137,454,YES,YES,YES,YES,PASS,
170,Top Design Beauty Salon,YES,,111,596,YES,YES,YES,YES,PASS,
171,Neon Shade,YES,,111,441,YES,YES,YES,YES,PASS,
172,Thái Nghiệp Ký Mì Gia,YES,,125,450,YES,YES,YES,YES,PASS,
173,Noodle Stop,YES,,100,429,YES,YES,YES,YES,PASS,
174,SF Nail Spa,YES,,113,429,YES,YES,YES,YES,PASS,
175,Be Salon,YES,,113,444,YES,YES,YES,YES,PASS,
176,Jenny's Hair Salon,YES,,111,996,YES,YES,YES,YES,PASS,
177,Oriental Seafood Restaurant,YES,,125,1530,YES,YES,YES,YES,PASS,
178,Duke's Hardware,YES,,137,310,YES,YES,YES,YES,PASS,
179,Kaili Beauty Nail Salon,YES,,113,833,YES,YES,YES,YES,PASS,
180,Sunset Hardware,YES,,137,1057,YES,YES,YES,YES,PASS,
181,JT’s Auto Repair,YES,,125,845,YES,YES,YES,YES,PASS,
182,Law Office Of Kurt D. Huysentruyt,YES,,137,1156,YES,YES,YES,YES,PASS,
183,J J Cosmetology Health Spa,YES,,113,403,YES,YES,YES,YES,PASS,
184,The Clean Cycle Laundromat,YES,,88,221,YES,YES,YES,YES,PASS,
185,I D Hair Salon,YES,,113,411,YES,YES,YES,YES,PASS,
186,The Pot's,YES,,125,993,YES,YES,YES,YES,PASS,
187,Taste of Fusion Kitchen,YES,,125,920,YES,YES,YES,YES,PASS,
188,Cielito Lindo,YES,,125,426,YES,YES,YES,YES,PASS,
189,Jessica Liu Insurance Services Inc.,YES,,137,950,YES,YES,YES,YES,PASS,
190,Chino's,YES,,125,487,YES,YES,YES,YES,PASS,
191,Plato Hair Design,YES,,111,786,YES,YES,YES,YES,PASS,
192,Superior Palace,YES,,125,408,YES,YES,YES,YES,PASS,
193,Little Henry's,YES,,125,485,YES,YES,YES,YES,PASS,
194,Julie Nail Spa,YES,,113,457,YES,YES,YES,YES,PASS,
195,Fuwa Dumpling,YES,,125,434,YES,YES,YES,YES,PASS,
196,Kim Son,YES,,125,545,YES,YES,YES,YES,PASS,
197,Mr. Báhn Mì,YES,,100,387,YES,YES,YES,YES,PASS,
198,Crown Hardware,YES,,137,701,YES,YES,YES,YES,PASS,
199,Shanghai House,YES,,125,456,YES,YES,YES,YES,PASS,
200,H&Q Beauty Salon,YES,,111,1223,YES,YES,YES,YES,PASS,
201,Kufu-Ya,YES,,125,461,YES,YES,YES,YES,PASS,
202,Sugarcane SF,YES,,100,349,YES,YES,YES,YES,PASS,
203,Geary Cafe,YES,,100,423,YES,YES,YES,YES,PASS,
204,Star East,YES,,111,507,YES,YES,YES,YES,PASS,
205,Ruby's Cut,YES,,111,190,YES,YES,YES,YES,PASS,
206,Indian Clay Oven,YES,,125,450,YES,YES,YES,YES,PASS,
207,Chef Xiong Kitchen,YES,,125,439,YES,YES,YES,YES,PASS,
208,Blossom Beauty Salon & Spa,YES,,113,470,YES,YES,YES,YES,PASS,
209,Izakaya Mayumi,YES,,125,446,YES,YES,YES,YES,PASS,
210,Kayo Hair,YES,,111,468,YES,YES,YES,YES,PASS,
211,Thanh Thanh Café,YES,,100,690,YES,YES,YES,YES,PASS,
212,Fuku Ramen,YES,,125,441,YES,YES,YES,YES,PASS,
213,Little Sushi Bar,YES,,125,474,YES,YES,YES,YES,PASS,
214,Qué Chulada,YES,,125,428,YES,YES,YES,YES,PASS,
215,An Chi,YES,,125,414,YES,YES,YES,YES,PASS,
216,Nail Care by Theresa,YES,,113,746,YES,YES,YES,YES,PASS,
217,Pho Huong Viet,YES,,125,989,YES,YES,YES,YES,PASS,
218,Aquatica Nails,YES,,113,473,YES,YES,YES,YES,PASS,
219,Mai's Beauty Salon,YES,,113,450,YES,YES,YES,YES,PASS,
220,Buffalo Burgers,YES,,95,466,YES,YES,YES,YES,PASS,
221,Sweet Mango,YES,,100,463,YES,YES,YES,YES,PASS,
222,amphawa,YES,,125,395,YES,YES,YES,YES,PASS,
223,Sagarmatha Kitchen,YES,,125,429,YES,YES,YES,YES,PASS,
224,"Randolph Yip, DDS",YES,,107,957,YES,YES,YES,YES,PASS,
225,Express Pupuseria,YES,,95,491,YES,YES,YES,YES,PASS,
226,Korean Village Wooden Charcoal,YES,,125,462,YES,YES,YES,YES,PASS,
227,Celandine Day Spa,YES,,113,445,YES,YES,YES,YES,PASS,
228,Muu Kara Thai Charcoal BBQ,YES,,125,171,YES,YES,YES,YES,PASS,
229,"Donald S. Lim, D.D.S",YES,,107,369,YES,YES,YES,YES,PASS,
230,LH Restaurant,YES,,125,1008,YES,YES,YES,YES,PASS,
231,Chocococo,YES,,137,388,YES,YES,YES,YES,PASS,
232,Wing Lee B.B.Q. Restaurant,YES,,95,351,YES,YES,YES,YES,PASS,
233,Wing Lee Bakery,YES,,130,480,YES,YES,YES,YES,PASS,
234,Golden Phoenix Hair Salon,YES,,111,461,YES,YES,YES,YES,PASS,
235,Fame Hair Design,YES,,111,779,YES,YES,YES,YES,PASS,
236,Red A Bakery,YES,,95,430,YES,YES,YES,YES,PASS,
237,Xiao Long Bao Restaurant,YES,,95,422,YES,YES,YES,YES,PASS,
238,Clement BBQ,YES,,125,441,YES,YES,YES,YES,PASS,
239,Moku Yakitori,YES,,125,471,YES,YES,YES,YES,PASS,
240,SF Smiles Dental,YES,,107,470,YES,YES,YES,YES,PASS,
241,May's Hair Design,YES,,111,372,YES,YES,YES,YES,PASS,
242,Sewa,YES,,125,434,YES,YES,YES,YES,PASS,
243,Chongqing Hot Pot,YES,,125,398,YES,YES,YES,YES,PASS,
244,Lime Tree,YES,,125,456,YES,YES,YES,YES,PASS,
245,Beam Properties,YES,,137,446,YES,YES,YES,YES,PASS,
246,Fairy Lake Aquarium,YES,,137,609,YES,YES,YES,YES,PASS,
247,Balboa Bubbles,YES,,88,446,YES,YES,YES,YES,PASS,
248,George Jee Insurance Services,YES,,137,1077,YES,YES,YES,YES,PASS,
249,The Richmond,YES,,125,445,YES,YES,YES,YES,PASS,
250,Xiao Yu's Kitchen,YES,,125,201,YES,YES,YES,YES,PASS,
251,Luxury Spa,YES,,113,967,YES,YES,YES,YES,PASS,
252,Muguboka,YES,,125,489,YES,YES,YES,YES,PASS,
253,O'Keeffe's,YES,,104,455,YES,YES,YES,YES,PASS,
254,Hair Touch,YES,,113,431,YES,YES,YES,YES,PASS,
255,D & A Cafe,YES,,125,444,YES,YES,YES,YES,PASS,
256,"Yan Kalika D.M.D., M.S.",YES,,107,476,YES,YES,YES,YES,PASS,
257,Sohn & Song Accountancy Corp.,YES,,137,448,YES,YES,YES,YES,PASS,
258,Geomantic Salon,YES,,111,480,YES,YES,YES,YES,PASS,
259,Sung's Automotive,YES,,125,735,YES,YES,YES,YES,PASS,
260,NewBills Barbershop & Salon,YES,,111,171,YES,YES,YES,YES,PASS,
261,Katsuo+Kombu,YES,,125,457,YES,YES,YES,YES,PASS,
262,Club Waziema,YES,,125,466,YES,YES,YES,YES,PASS,
263,Asian American Medical Center,YES,,107,461,YES,YES,YES,YES,PASS,
264,Osakaya,YES,,125,430,YES,YES,YES,YES,PASS,
265,Trio Nails,YES,,113,817,YES,YES,YES,YES,PASS,
266,Elite Fine Jewelry,YES,,137,489,YES,YES,YES,YES,PASS,
267,San Francisco Animal Medical Center,YES,,137,433,YES,YES,YES,YES,PASS,
268,9 Nail Spa,YES,,113,413,YES,YES,YES,YES,PASS,
269,Wayo,YES,,125,702,YES,YES,YES,YES,PASS,
270,Route 101,YES,,104,455,YES,YES,YES,YES,PASS,
271,La Fina Estampa,YES,,125,471,YES,YES,YES,YES,PASS,
272,Sammy's Cafe,YES,,100,469,YES,YES,YES,YES,PASS,
273,Aicha,YES,,125,430,YES,YES,YES,YES,PASS,
274,Victor's Pizzeria & Restaurant,YES,,125,170,YES,YES,YES,YES,PASS,
275,Cordon Bleu,YES,,125,440,YES,YES,YES,YES,PASS,
276,Lan's Formal Wear,YES,,137,1022,YES,YES,YES,YES,PASS,
277,Zee Continental Jewelry,YES,,137,434,YES,YES,YES,YES,PASS,
278,CC Nail Spa,YES,,113,381,YES,YES,YES,YES,PASS,
279,Hair Future,YES,,111,440,YES,YES,YES,YES,PASS,
280,Lady Goldfingers,YES,,113,721,YES,YES,YES,YES,PASS,
281,Costa Del Sol Tanning,YES,,113,450,YES,YES,YES,YES,PASS,
282,Hair on Hyde,YES,,111,461,YES,YES,YES,YES,PASS,
283,The Floral Designer,YES,,137,450,YES,YES,YES,YES,PASS,
284,Cup of Joy,YES,,100,444,YES,YES,YES,YES,PASS,
285,Cafe Bean,YES,,100,480,YES,YES,YES,YES,PASS,
286,Morning Fix Cafe,YES,,100,776,YES,YES,YES,YES,PASS,
287,Metropolitan,YES,,111,448,YES,YES,YES,YES,PASS,
288,Tina's Salon,YES,,113,211,YES,YES,YES,YES,PASS,
289,Fresh Brew Coffee,YES,,100,465,YES,YES,YES,YES,PASS,
290,Beanstalk Cafe,YES,,100,1018,YES,YES,YES,YES,PASS,
291,Maru Sushi,YES,,125,473,YES,YES,YES,YES,PASS,
292,Noori Stitch,YES,,137,424,YES,YES,YES,YES,PASS,
293,Nave Cafe,YES,,100,446,YES,YES,YES,YES,PASS,
294,Ton Ton Japanese Ramen House,YES,,125,224,YES,YES,YES,YES,PASS,
295,Sugarcoat Salon,YES,,113,426,YES,YES,YES,YES,PASS,
296,Crystal Spa,YES,,113,434,YES,YES,YES,YES,PASS,
297,Marcela's Taqueria,YES,,95,448,YES,YES,YES,YES,PASS,
298,El Rincon Yucateco,YES,,95,456,YES,YES,YES,YES,PASS,
299,Pho Tan Hoa,YES,,125,1040,YES,YES,YES,YES,PASS,
300,Cafecito,YES,,100,992,YES,YES,YES,YES,PASS,
301,Mom Banh Mi,YES,,100,773,YES,YES,YES,YES,PASS,
302,Mayfair Beauty Salon,YES,,113,417,YES,YES,YES,YES,PASS,
303,Mộng Thu,YES,,125,417,YES,YES,YES,YES,PASS,
304,Larkin Restaurant,YES,,125,457,YES,YES,YES,YES,PASS,
305,Sam's Bakery,YES,,130,756,YES,YES,YES,YES,PASS,
306,Jarin Thia Cuisine,YES,,125,660,YES,YES,YES,YES,PASS,
307,Pronto Pizza & Espresso,YES,,125,453,YES,YES,YES,YES,PASS,
308,Cafe 450 Eurest Dining,YES,,100,698,YES,YES,YES,YES,PASS,
309,Ling Beauty Salon,YES,,113,841,YES,YES,YES,YES,PASS,
310,Ling's Salon,YES,,111,1139,YES,YES,YES,YES,PASS,
311,Wen's Kitchen,YES,,125,464,YES,YES,YES,YES,PASS,
312,Piroo,YES,,125,445,YES,YES,YES,YES,PASS,
313,Armando for Hair,YES,,111,426,YES,YES,YES,YES,PASS,
314,Village Pizzeria,YES,,125,448,YES,YES,YES,YES,PASS,
315,Wok Shop Cafe,YES,,125,446,YES,YES,YES,YES,PASS,
316,Fingertips,YES,,113,790,YES,YES,YES,YES,PASS,
317,West Coast Nails,YES,,113,209,YES,YES,YES,YES,PASS,
318,Union Nails,YES,,113,431,YES,YES,YES,YES,PASS,
319,Pearly Nails,YES,,113,431,YES,YES,YES,YES,PASS,
320,Ramen Sho Ryu,YES,,125,400,YES,YES,YES,YES,PASS,
321,Little Kitchen,YES,,125,1014,YES,YES,YES,YES,PASS,
322,Tong's Cleaners,YES,,88,462,YES,YES,YES,YES,PASS,
323,Nadya,YES,,113,415,YES,YES,YES,YES,PASS,
324,Faces Plus,YES,,113,230,YES,YES,YES,YES,PASS,
325,Yong Chang Hair Design,YES,,111,830,YES,YES,YES,YES,PASS,
326,A&A Hair Design,YES,,111,964,YES,YES,YES,YES,PASS,
327,Jason's Salon,YES,,111,222,YES,YES,YES,YES,PASS,
328,Comprehensive Dental Care,YES,,107,490,YES,YES,YES,YES,PASS,
329,Lana Beauty Salon,YES,,111,488,YES,YES,YES,YES,PASS,
330,Happy Chinese Restaurant,YES,,125,436,YES,YES,YES,YES,PASS,
331,Powell Florist,YES,,137,800,YES,YES,YES,YES,PASS,
332,Fang Yi Fashion,YES,,137,171,YES,YES,YES,YES,PASS,
333,Yan Yang Beauty Salon,YES,,111,292,YES,YES,YES,YES,PASS,
334,Ha Tea,YES,,100,467,YES,YES,YES,YES,PASS,
335,Jenny Hair Salon,YES,,111,798,YES,YES,YES,YES,PASS,
336,A Salon,YES,,111,444,YES,YES,YES,YES,PASS,
337,Joy's Hair Salon,YES,,111,408,YES,YES,YES,YES,PASS,
338,Lucky Creation,YES,,125,454,YES,YES,YES,YES,PASS,
339,Sweetheart Cafe,YES,,100,471,YES,YES,YES,YES,PASS,
340,Golden Star Vietnamese Restaurant,YES,,125,456,YES,YES,YES,YES,PASS,
341,Golden King Vietnamese Restaurant,YES,,125,440,YES,YES,YES,YES,PASS,
342,Zhen Mei Hair Salon,YES,,111,431,YES,YES,YES,YES,PASS,
343,Artist Hair Design,YES,,111,478,YES,YES,YES,YES,PASS,
344,Kay Beauty & Skin Care,YES,,113,772,YES,YES,YES,YES,PASS,
345,Jinshan Cafe,YES,,100,354,YES,YES,YES,YES,PASS,
346,Sushi Boat Restaurant,YES,,125,423,YES,YES,YES,YES,PASS,
347,L.D Jewelry,YES,,137,426,YES,YES,YES,YES,PASS,
348,Sutter Cafe,YES,,100,921,YES,YES,YES,YES,PASS,
349,Richard's Hair Design,YES,,111,787,YES,YES,YES,YES,PASS,
350,BLOOMING ALLEY,YES,,137,454,YES,YES,YES,YES,PASS,
351,Tailored Salon,YES,,113,453,YES,YES,YES,YES,PASS,
352,HB Alterations,YES,,137,451,YES,YES,YES,YES,PASS,
353,Boydstun & Klingner CPA's,YES,,137,1022,YES,YES,YES,YES,PASS,
354,Caffè Bianco,YES,,100,351,YES,YES,YES,YES,PASS,
355,Caramba,YES,,125,914,YES,YES,YES,YES,PASS,
356,New Ming's Restaurant,YES,,125,460,YES,YES,YES,YES,PASS,
357,St. John,YES,,137,458,YES,YES,YES,YES,PASS,
358,Cable Car Coffee,YES,,100,458,YES,YES,YES,YES,PASS,
359,Taquerria Castillo B2,YES,,125,724,YES,YES,YES,YES,PASS,
360,Ady Barber & Beauty,YES,,111,243,YES,YES,YES,YES,PASS,
361,U & I Auto Safety Center,YES,,125,1074,YES,YES,YES,YES,PASS,
362,Hello Bahn Mi,YES,,95,972,YES,YES,YES,YES,PASS,
363,Yamato Auto Repair,YES,,125,411,YES,YES,YES,YES,PASS,
364,The Sandwich Boss at EPC,YES,,100,202,YES,YES,YES,YES,PASS,
365,Bahn Mi King,YES,,100,260,YES,YES,YES,YES,PASS,
366,Ozzy's  Cafe & Grill,YES,,95,453,YES,YES,YES,YES,PASS,
367,Lucky Nails,YES,,113,783,YES,YES,YES,YES,PASS,
368,Il Canto Cafe,YES,,100,1209,YES,YES,YES,YES,PASS,
369,Oolong Noodles,YES,,125,422,YES,YES,YES,YES,PASS,
370,Ravi,YES,,125,469,YES,YES,YES,YES,PASS,
371,Yee Hing Clothing Store,YES,,137,423,YES,YES,YES,YES,PASS,
372,Yummy Bakery & Cafe,YES,,130,419,YES,YES,YES,YES,PASS,
373,"Oriental Shopping Center, Inc",YES,,137,819,YES,YES,YES,YES,PASS,
374,Brioche Bakery & Cafe,YES,,130,439,YES,YES,YES,YES,PASS,
375,Yummy Yummy,YES,,125,386,YES,YES,YES,YES,PASS,
376,V.I.P Coffee & Cake Shop,YES,,130,414,YES,YES,YES,YES,PASS,
377,Yummy BBQ Kitchen,YES,,125,623,YES,YES,YES,YES,PASS,
378,Café Broadway,YES,,125,885,YES,YES,YES,YES,PASS,
379,V & J Cafe,YES,,100,434,YES,YES,YES,YES,PASS,
380,Wa Li Bakery & Cafe,YES,,130,171,YES,YES,YES,YES,PASS,
381,Little Paris,YES,,125,443,YES,YES,YES,YES,PASS,
382,The AA Bakery & Cafe,YES,,130,443,YES,YES,YES,YES,PASS,
383,Maggie McGarrys,YES,,104,464,YES,YES,YES,YES,PASS,
384,Ann's For Hair,YES,,111,1253,YES,YES,YES,YES,PASS,
385,Water Lily Cleaners,YES,,88,358,YES,YES,YES,YES,PASS,
386,DeLise Dessert cafe,YES,,100,483,YES,YES,YES,YES,PASS,
387,The Chowder Hut Grill,YES,,125,450,YES,YES,YES,YES,PASS,
388,Tanguito,YES,,95,452,YES,YES,YES,YES,PASS,
389,Swiss Louis,YES,,125,448,YES,YES,YES,YES,PASS,
390,Pepe’s Auto Repair,YES,,125,306,YES,YES,YES,YES,PASS,
391,Four Seasons Nails and Spa,YES,,113,616,YES,YES,YES,YES,PASS,
392,Bernal Heights Nail Care,YES,,113,432,YES,YES,YES,YES,PASS,
393,Progressive Grounds,YES,,100,434,YES,YES,YES,YES,PASS,
394,LP Decorative Plumbing,YES,,137,389,YES,YES,YES,YES,PASS,
395,Brown Bear Realty,YES,,137,461,YES,YES,YES,YES,PASS,
396,Moonlight Cafe,YES,,125,999,YES,YES,YES,YES,PASS,
397,Tacos Los Altos,YES,,125,466,YES,YES,YES,YES,PASS,
398,Silver Crest Donut Shop,YES,,125,436,YES,YES,YES,YES,PASS,
399,3R Automotive,YES,,125,818,YES,YES,YES,YES,PASS,
400,Generation Nails,YES,,113,455,YES,YES,YES,YES,PASS,
401,Yan Li,YES,,125,367,YES,YES,YES,YES,PASS,
402,Golden City,YES,,95,417,YES,YES,YES,YES,PASS,
403,Taqueria Gonzalez,YES,,125,1027,YES,YES,YES,YES,PASS,
404,2546 Cafe,YES,,125,420,YES,YES,YES,YES,PASS,
405,Ming Hing Restaurant,YES,,125,474,YES,YES,YES,YES,PASS,
406,Ming Hui Dim Sum,YES,,125,1050,YES,YES,YES,YES,PASS,
407,My Cup of Tea (Cool Tea Bar),YES,,100,350,YES,YES,YES,YES,PASS,
408,Riverside Seafood Restaurant,YES,,125,1342,YES,YES,YES,YES,PASS,
409,Just Won Ton,YES,,125,448,YES,YES,YES,YES,PASS,
410,8 Immortals Seafood Restaurant,YES,,125,452,YES,YES,YES,YES,PASS,
411,123 Wash & Dry,YES,,88,404,YES,YES,YES,YES,PASS,
412,Lou's Cafe,YES,,100,453,YES,YES,YES,YES,PASS,
413,Flora Permanent Beauty Center,YES,,113,738,YES,YES,YES,YES,PASS,
414,"United Associates Inv., Inc.",YES,,137,1343,YES,YES,YES,YES,PASS,
415,Dragon Lounge,YES,,137,438,YES,YES,YES,YES,PASS,
416,Banhwich,YES,,125,447,YES,YES,YES,YES,PASS,
417,Made in China,YES,,125,683,YES,YES,YES,YES,PASS,
418,Taraval Okazu Ya,YES,,125,495,YES,YES,YES,YES,PASS,
419,"Beverly Presley-Nelson, DDS General Dentistry",YES,,107,351,YES,YES,YES,YES,PASS,
420,T-28 Bakery & Cafe,YES,,125,443,YES,YES,YES,YES,PASS,
421,Parkside Day Spa,YES,,113,756,YES,YES,YES,YES,PASS,
422,Dumpling Kitchen,YES,,125,416,YES,YES,YES,YES,PASS,
423,Bright N' Clean Laundry Center,YES,,88,445,YES,YES,YES,YES,PASS,
424,Gentle Nail Salon,YES,,113,172,YES,YES,YES,YES,PASS,
425,Green Spa & Nail,YES,,113,394,YES,YES,YES,YES,PASS,
426,Hing Wang Bakery,YES,,125,171,YES,YES,YES,YES,PASS,
427,Sensi Nails,YES,,113,473,YES,YES,YES,YES,PASS,
428,Tun Beauty Salon,YES,,113,435,YES,YES,YES,YES,PASS,
429,May Lee's Restaurant,YES,,125,1001,YES,YES,YES,YES,PASS,
430,Elite Hair Salon Hair Nail,YES,,113,473,YES,YES,YES,YES,PASS,
431,Coastside Barber Shop,YES,,111,443,YES,YES,YES,YES,PASS,
432,Redeye Grill,YES,,125,477,YES,YES,YES,YES,PASS,
433,New York Nails 2,YES,,113,796,YES,YES,YES,YES,PASS,
434,Seaview Tire and Brake Center,YES,,137,487,YES,YES,YES,YES,PASS,
435,Simon’s Auto Werks,YES,,125,428,YES,YES,YES,YES,PASS,
436,Buona Italia Caffe,YES,,125,1262,YES,YES,YES,YES,PASS,
437,Loco Burger,YES,,125,436,YES,YES,YES,YES,PASS,
438,Taqueria Pacifica,YES,,125,469,YES,YES,YES,YES,PASS,
439,Kitten & Pinky,YES,,125,1100,YES,YES,YES,YES,PASS,
440,The Tan Line,YES,,113,435,YES,YES,YES,YES,PASS,
441,Cafe Pacifica,YES,,100,1175,YES,YES,YES,YES,PASS,
442,Reflections Hair Salon,YES,,111,391,YES,YES,YES,YES,PASS,
443,Chit Chat Cafe At the Pier,YES,,100,441,YES,YES,YES,YES,PASS,
444,Johnny’s Barber Shop,YES,,111,479,YES,YES,YES,YES,PASS,
445,Asian King's Kitchen,YES,,125,1183,YES,YES,YES,YES,PASS,
446,La Di Da,YES,,100,362,YES,YES,YES,YES,PASS,
447,Cafe Capistrano,YES,,125,423,YES,YES,YES,YES,PASS,
448,Diane's Salon,YES,,111,455,YES,YES,YES,YES,PASS,
449,Roger's DELI & DONUTS,YES,,125,963,YES,YES,YES,YES,PASS,
450,Kens' Hair Stylists & Nails,YES,,111,710,YES,YES,YES,YES,PASS,
451,Classic Homestead Barber,YES,,111,464,YES,YES,YES,YES,PASS,
452,Korean Spring,YES,,125,440,YES,YES,YES,YES,PASS,
453,Lettuce Sandwich Shop,YES,,125,442,YES,YES,YES,YES,PASS,
454,M.Y. Salon,YES,,111,335,YES,YES,YES,YES,PASS,
455,Winx,YES,,113,418,YES,YES,YES,YES,PASS,
456,Painted Ivy,YES,,111,377,YES,YES,YES,YES,PASS,
457,CK Salon,YES,,111,752,YES,YES,YES,YES,PASS,
458,Vanna's Hair & Nails,YES,,113,773,YES,YES,YES,YES,PASS,
459,TLS Auto Service,YES,,125,396,YES,YES,YES,YES,PASS,
460,Kokodek Korean Fried Chicken,YES,,125,862,YES,YES,YES,YES,PASS,
461,Vogue Salon & Lounge,YES,,111,1050,YES,YES,YES,YES,PASS,
462,Diamond Shoe Repair,YES,,137,433,YES,YES,YES,YES,PASS,
463,Harbor Fish & Chips,YES,,95,463,YES,YES,YES,YES,PASS,
464,Heartbeat Café,YES,,125,458,YES,YES,YES,YES,PASS,
465,Rural Supply,YES,,137,456,YES,YES,YES,YES,PASS,
466,T-Bird's Pizza,YES,,125,456,YES,YES,YES,YES,PASS,
467,Mama's Bakery,YES,,130,451,YES,YES,YES,YES,PASS,
468,Bob's Garage,YES,,125,437,YES,YES,YES,YES,PASS,
469,Orange Coast Title,YES,,137,423,YES,YES,YES,YES,PASS,
470,Preferred Image of Los Gatos,YES,,125,1325,YES,YES,YES,YES,PASS,
471,Two Pesos Taqueria,YES,,125,460,YES,YES,YES,YES,PASS,
472,Campbell Everyday Smog - Star Station,YES,,125,350,YES,YES,YES,YES,PASS,
473,Formosa Aroma,YES,,100,412,YES,YES,YES,YES,PASS,
474,Amatos Cheesesteaks,YES,,95,784,YES,YES,YES,YES,PASS,
475,Synergy Personal Training,YES,,137,455,YES,YES,YES,YES,PASS,
476,Goody Goody,YES,,137,455,YES,YES,YES,YES,PASS,
477,Kiely 2 Wash & Dry,YES,,88,292,YES,YES,YES,YES,PASS,
478,What the Falafel,YES,,125,458,YES,YES,YES,YES,PASS,
479,Royal Skincare & Hair Design,YES,,111,172,YES,YES,YES,YES,PASS,
480,Nails A-1,YES,,113,817,YES,YES,YES,YES,PASS,
481,"Family & Cosmetic Dentistry Ellen Peng, D.d.s.",YES,,107,484,YES,YES,YES,YES,PASS,
482,Calihair,YES,,111,441,YES,YES,YES,YES,PASS,
483,Hummingbird Day Spa,YES,,113,1127,YES,YES,YES,YES,PASS,
484,"Dental Specialties Institute, Inc",YES,,107,457,YES,YES,YES,YES,PASS,
485,"John K. S. Tong, D.D.S.",YES,,107,808,YES,YES,YES,YES,PASS,
486,Lee & Associates,YES,,107,437,YES,YES,YES,YES,PASS,
487,Sushi Kuni,YES,,125,1285,YES,YES,YES,YES,PASS,
488,The X-Pot,YES,,125,284,YES,YES,YES,YES,PASS,
489,Tasty Pizza,YES,,95,469,YES,YES,YES,YES,PASS,
490,Bento Express,YES,,95,929,YES,YES,YES,YES,PASS,
491,Super Burrito,YES,,95,471,YES,YES,YES,YES,PASS,
492,Pearly Bright Dental,YES,,107,925,YES,YES,YES,YES,PASS,
493,Thai pepper cuisine,YES,,125,440,YES,YES,YES,YES,PASS,
494,Rajjot Sweets and Snacks,YES,,125,430,YES,YES,YES,YES,PASS,
495,T&K Barber & Hairstyling,YES,,111,600,YES,YES,YES,YES,PASS,
496,Jang Tu,YES,,125,800,YES,YES,YES,YES,PASS,
497,Hair Focus,YES,,111,1016,YES,YES,YES,YES,PASS,
498,Rama V Thai Cuisine,YES,,125,467,YES,YES,YES,YES,PASS,
499,Griffin Upholstery,YES,,125,805,YES,YES,YES,YES,PASS,
500,Paredes Auto Works,YES,,125,802,YES,YES,YES,YES,PASS,
501,Cheun Joo Young Yamg Dol Sot,YES,,125,455,YES,YES,YES,YES,PASS,
502,Perfect Hair Design,YES,,111,428,YES,YES,YES,YES,PASS,
503,Honey Berry,YES,,100,938,YES,YES,YES,YES,PASS,
504,미주부동산,YES,,137,172,YES,YES,YES,YES,PASS,
505,Ga-In Beauty Salon,YES,,113,1547,YES,YES,YES,YES,PASS,
506,Santa Clara Tint Wrap & Carpet Coloring,YES,,125,172,YES,YES,YES,YES,PASS,
507,Jeff's Garage,YES,,125,1178,YES,YES,YES,YES,PASS,
508,Nu-Way Tool Supply,YES,,137,410,YES,YES,YES,YES,PASS,
509,Sassy Nail,YES,,113,1063,YES,YES,YES,YES,PASS,
510,Christine Dental,YES,,107,458,YES,YES,YES,YES,PASS,
511,Blurr Kitchen,YES,,125,1054,YES,YES,YES,YES,PASS,
512,Taqueria Vallarta,YES,,95,482,YES,YES,YES,YES,PASS,
513,Goldie's Muffler & Brake,YES,,125,1257,YES,YES,YES,YES,PASS,
514,Ume Chinese Food,YES,,125,455,YES,YES,YES,YES,PASS,
515,Biryani Stop,YES,,125,450,YES,YES,YES,YES,PASS,
516,Kenneth Hua Dentistry,YES,,107,224,YES,YES,YES,YES,PASS,
517,His 'n Hers Hair,YES,,111,426,YES,YES,YES,YES,PASS,
518,Jessica’s Beauty Salon,YES,,113,807,YES,YES,YES,YES,PASS,
519,J&J Luxury Hair And Nails,YES,,111,395,YES,YES,YES,YES,PASS,
520,Forever Beauty Hair And Nails,YES,,113,171,YES,YES,YES,YES,PASS,
521,Pho Saigon,YES,,125,785,YES,YES,YES,YES,PASS,
522,Arté Boutique,YES,,137,313,YES,YES,YES,YES,PASS,
523,Hair Couture,YES,,113,380,YES,YES,YES,YES,PASS,
524,Chef P's at Seafood City,YES,,125,442,YES,YES,YES,YES,PASS,
525,Greathair,YES,,111,390,YES,YES,YES,YES,PASS,
526,Lalas Dental,YES,,107,470,YES,YES,YES,YES,PASS,
527,Kristin's Hair Design,YES,,111,452,YES,YES,YES,YES,PASS,
528,WOW Dental,YES,,107,439,YES,YES,YES,YES,PASS,
529,Advanced Verterinary Medical Center,YES,,137,432,YES,YES,YES,YES,PASS,
530,M Beauty Salon,YES,,113,456,YES,YES,YES,YES,PASS,
531,Mama Lupita's,YES,,125,465,YES,YES,YES,YES,PASS,
532,#1 Eyelash & Skin,YES,,113,718,YES,YES,YES,YES,PASS,
533,The Jelly Donut,YES,,95,489,YES,YES,YES,YES,PASS,
534,VK Hair Creations,YES,,111,1054,YES,YES,YES,YES,PASS,
535,Jonathan H Kim Dentistry,YES,,107,388,YES,YES,YES,YES,PASS,
536,S Pearl Salon,YES,,111,455,YES,YES,YES,YES,PASS,
537,Trang Pham CPA,YES,,137,434,YES,YES,YES,YES,PASS,
538,Brand Hong Kong Salon,YES,,111,296,YES,YES,YES,YES,PASS,
539,North Valley Dental Office,YES,,107,1065,YES,YES,YES,YES,PASS,
540,Ava's Skin Care Lash Studio,YES,,113,763,YES,YES,YES,YES,PASS,
541,Daydream Sandwiches& Donuts,YES,,95,1122,YES,YES,YES,YES,PASS,
542,Glow Beauty Bar,YES,,113,1074,YES,YES,YES,YES,PASS,
543,El Cerrito Taqueria and Cenaduria,YES,,125,450,YES,YES,YES,YES,PASS,
544,Helen's Beauty Salon,YES,,113,775,YES,YES,YES,YES,PASS,
545,Color Nails,YES,,113,405,YES,YES,YES,YES,PASS,
546,Schroeder's Haircuts,YES,,111,1129,YES,YES,YES,YES,PASS,
547,McKee Hair & Nails,YES,,113,171,YES,YES,YES,YES,PASS,
548,New Dong Phuong Tofu,YES,,95,429,YES,YES,YES,YES,PASS,
549,Fruitas Regionales Magui,YES,,95,736,YES,YES,YES,YES,PASS,
550,Lucky Hair & Nails,YES,,111,172,YES,YES,YES,YES,PASS,
551,T&P Auto Services,YES,,125,171,YES,YES,YES,YES,PASS,
552,Oddi's Cafe,YES,,100,700,YES,YES,YES,YES,PASS,
553,Lucy's Beauty Salon,YES,,113,410,YES,YES,YES,YES,PASS,
554,Café Docanto,YES,,100,456,YES,YES,YES,YES,PASS,
555,Joyería Y Discoteca Peña,YES,,137,1016,YES,YES,YES,YES,PASS,
556,Oasis Insurance Agency,YES,,137,446,YES,YES,YES,YES,PASS,
557,Kali Noodles & Tea Bar,YES,,125,1292,YES,YES,YES,YES,PASS,
558,Phở Công Lý,YES,,125,404,YES,YES,YES,YES,PASS,
559,MC-Salon,YES,,111,559,YES,YES,YES,YES,PASS,
560,Đà-Lạt,YES,,125,430,YES,YES,YES,YES,PASS,
561,Mike Pizza & Taqueria,YES,,95,408,YES,YES,YES,YES,PASS,
562,Michael J's Collision Centers,YES,,125,215,YES,YES,YES,YES,PASS,
563,Thai Spice,YES,,125,819,YES,YES,YES,YES,PASS,
564,Sweet Mango,YES,,125,494,YES,YES,YES,YES,PASS,
565,Los Dubon Inc.,YES,,125,294,YES,YES,YES,YES,PASS,
566,"Robert A Gong-Guy, DDS",YES,,107,791,YES,YES,YES,YES,PASS,
567,La Superior Panadería y Taquería,YES,,130,394,YES,YES,YES,YES,PASS,
568,Straight Edge,YES,,111,430,YES,YES,YES,YES,PASS,
569,T Lashes LLC,YES,,113,480,YES,YES,YES,YES,PASS,
570,Hollywood Nails,YES,,113,459,YES,YES,YES,YES,PASS,
571,Patricia S. Nakamura Electrolysis,YES,,113,649,YES,YES,YES,YES,PASS,
572,the garret,YES,,125,470,YES,YES,YES,YES,PASS,
573,Serendipity Hair Salon,YES,,111,788,YES,YES,YES,YES,PASS,
574,Happy Hair Salon,YES,,111,993,YES,YES,YES,YES,PASS,
575,Mo's,YES,,125,454,YES,YES,YES,YES,PASS,
576,Krupps Upholstery,YES,,137,437,YES,YES,YES,YES,PASS,
577,JCM Electric,YES,,137,379,YES,YES,YES,YES,PASS,
578,Kaizen,YES,,125,470,YES,YES,YES,YES,PASS,
579,Spa City,YES,,113,462,YES,YES,YES,YES,PASS,
580,Excel Cuts & Nailcare,YES,,113,743,YES,YES,YES,YES,PASS,
581,Quality Car Care,YES,,125,465,YES,YES,YES,YES,PASS,
582,BYLT,YES,,137,409,YES,YES,YES,YES,PASS,
583,Dumpling Time,YES,,125,384,YES,YES,YES,YES,PASS,
584,D&J Auto Center,YES,,125,468,YES,YES,YES,YES,PASS,
585,Venice Nail Salon,YES,,113,433,YES,YES,YES,YES,PASS,
586,Spartan Autobody Shop,YES,,125,1188,YES,YES,YES,YES,PASS,
587,Auzerais Collision Center,YES,,125,759,YES,YES,YES,YES,PASS,
588,El Radiator Doctor,YES,,125,268,YES,YES,YES,YES,PASS,
589,Bel Bacio,YES,,100,787,YES,YES,YES,YES,PASS,
590,Dac Phuc,YES,,125,458,YES,YES,YES,YES,PASS,
591,Angel’s Cleaners & Alteration,YES,,137,748,YES,YES,YES,YES,PASS,
592,La Victoria Taqueria,YES,,125,423,YES,YES,YES,YES,PASS,
593,True Beauty Salon Spa,YES,,113,640,YES,YES,YES,YES,PASS,
594,Taylor Automotive Service,YES,,125,461,YES,YES,YES,YES,PASS,
595,A&M Paint & Body,YES,,125,790,YES,YES,YES,YES,PASS,
596,Raul’s Mufflers,YES,,125,776,YES,YES,YES,YES,PASS,
597,"Doctor Martha E. Barragan, D.D.S.",YES,,107,1111,YES,YES,YES,YES,PASS,
598,LTM Smog & Repair,YES,,125,303,YES,YES,YES,YES,PASS,
599,Mikee’s Auto Repair,YES,,125,789,YES,YES,YES,YES,PASS,
600,Tony’s Pool Hall,YES,,104,801,YES,YES,YES,YES,PASS,
601,Taquería “El Caminito”,YES,,125,828,YES,YES,YES,YES,PASS,
602,AKW Auto Body & Paint,YES,,125,439,YES,YES,YES,YES,PASS,
603,Maria Asela Caces-Tiamson Inc.,YES,,107,461,YES,YES,YES,YES,PASS,
604,Tire Merchants,YES,,137,480,YES,YES,YES,YES,PASS,
605,Autoland;Radiatorland,YES,,125,215,YES,YES,YES,YES,PASS,
606,Chez Sovan,YES,,125,704,YES,YES,YES,YES,PASS,
607,101 Auto Body & Paint,YES,,125,1013,YES,YES,YES,YES,PASS,
608,Peter Auto Body & Paint,YES,,125,379,YES,YES,YES,YES,PASS,
609,Prolago Hand Car Wash,YES,,137,449,YES,YES,YES,YES,PASS,
610,Menara Moroccan,YES,,125,425,YES,YES,YES,YES,PASS,
611,Diamond Mitsubishi Fuso,YES,,125,468,YES,YES,YES,YES,PASS,
612,Mì Quảng Cô Thảo,YES,,125,451,YES,YES,YES,YES,PASS,
613,Personalized Vans & Trucks,YES,,125,400,YES,YES,YES,YES,PASS,
614,Sushi Pro,YES,,125,575,YES,YES,YES,YES,PASS,
615,Tiger Tea & Juice,YES,,100,806,YES,YES,YES,YES,PASS,
616,Precious Smile Dental Center,YES,,107,375,YES,YES,YES,YES,PASS,
617,Kim Tar B.B.Q.,YES,,125,1061,YES,YES,YES,YES,PASS,
618,Ma’s Restaurant,YES,,125,429,YES,YES,YES,YES,PASS,
619,Phở Ý #1,YES,,125,793,YES,YES,YES,YES,PASS,
620,Wilson Motorsports AutoRepair Inc.,YES,,125,387,YES,YES,YES,YES,PASS,
621,QQ Noodle,YES,,125,489,YES,YES,YES,YES,PASS,
622,Vahl's Restaurant & cocktail,YES,,125,477,YES,YES,YES,YES,PASS,
623,Balentine Beauty Salon,YES,,111,418,YES,YES,YES,YES,PASS,
624,Peach Garden,YES,,125,429,YES,YES,YES,YES,PASS,
625,Tacos Uruapan,YES,,125,449,YES,YES,YES,YES,PASS,
626,Family Dentistry - Dr. Tran & Associates,YES,,107,719,YES,YES,YES,YES,PASS,
627,Pinky's Nails and Spa,YES,,113,1014,YES,YES,YES,YES,PASS,
628,Che Lo,YES,,125,415,YES,YES,YES,YES,PASS,
629,Imagine Hair Beauty Salon,YES,,111,657,YES,YES,YES,YES,PASS,
630,B & B Salon,YES,,111,423,YES,YES,YES,YES,PASS,
631,"Family Dental Care - Romeo S. Bautista, D.M.D.",YES,,107,407,YES,YES,YES,YES,PASS,
632,Desi Cuts and Color Plus,YES,,111,442,YES,YES,YES,YES,PASS,
633,Mai's Kitchen,YES,,125,479,YES,YES,YES,YES,PASS,
634,Kim's Hair Salon,YES,,111,441,YES,YES,YES,YES,PASS,
635,Bar Bay Grill,YES,,125,472,YES,YES,YES,YES,PASS,
636,Parilya,YES,,125,444,YES,YES,YES,YES,PASS,
637,Mary’s Barbershop,YES,,111,449,YES,YES,YES,YES,PASS,
638,Lavendar Nail Salon,YES,,113,441,YES,YES,YES,YES,PASS,
639,Jim's Country Style Restaurant,YES,,125,466,YES,YES,YES,YES,PASS,
640,Yat Sing Chinese Food,YES,,125,425,YES,YES,YES,YES,PASS,
641,Aila aesthetics,YES,,113,441,YES,YES,YES,YES,PASS,
642,Main St. Hair Extensions Bar,YES,,111,387,YES,YES,YES,YES,PASS,
643,Brush & Blow,YES,,111,475,YES,YES,YES,YES,PASS,
644,Estrella Designs,YES,,137,410,YES,YES,YES,YES,PASS,
645,Sculptations Boutique,YES,,113,663,YES,YES,YES,YES,PASS,
646,Hopyard Nails,YES,,113,439,YES,YES,YES,YES,PASS,
647,Shear Cuts,YES,,111,459,YES,YES,YES,YES,PASS,
648,The Jelly Donut,YES,,100,468,YES,YES,YES,YES,PASS,
649,Pho Lovers,YES,,125,379,YES,YES,YES,YES,PASS,
650,Haveli Indian Cuisine,YES,,125,475,YES,YES,YES,YES,PASS,
651,Monaco Hair And Nails,YES,,113,380,YES,YES,YES,YES,PASS,
652,Banseok Korean BBQ,YES,,125,449,YES,YES,YES,YES,PASS,
653,"G-Jen Hsu, DDS",YES,,107,414,YES,YES,YES,YES,PASS,
654,Tofu House,YES,,125,450,YES,YES,YES,YES,PASS,
655,Bagel Bakery,YES,,100,473,YES,YES,YES,YES,PASS,
656,Sodam,YES,,125,423,YES,YES,YES,YES,PASS,
657,Mad for Sushi,YES,,125,689,YES,YES,YES,YES,PASS,
658,Beauty Hair and Nails,YES,,113,753,YES,YES,YES,YES,PASS,
659,Zorba Automotive,YES,,125,374,YES,YES,YES,YES,PASS,
660,Tri-Valley Mufflers,YES,,125,652,YES,YES,YES,YES,PASS,
661,Athens Burgers,YES,,95,446,YES,YES,YES,YES,PASS,
662,Corwood Car Wash,YES,,137,417,YES,YES,YES,YES,PASS,
663,Famous Hair & Nails,YES,,113,819,YES,YES,YES,YES,PASS,
664,Falafel Village,YES,,125,1236,YES,YES,YES,YES,PASS,
665,Country Faire Dental Group,YES,,107,423,YES,YES,YES,YES,PASS,
666,Dr. Charity Duncan Kachalia,YES,,107,419,YES,YES,YES,YES,PASS,
667,Notorious Buns,YES,,125,426,YES,YES,YES,YES,PASS,
668,W Salon,YES,,111,1057,YES,YES,YES,YES,PASS,
669,Angel Staging Partners,YES,,137,446,YES,YES,YES,YES,PASS,
670,Hunan Yuan,YES,,125,455,YES,YES,YES,YES,PASS,
671,Napoleon's,YES,,113,462,YES,YES,YES,YES,PASS,
672,The Cutting Place,YES,,113,474,YES,YES,YES,YES,PASS,
673,Taqueria el Cruzero,YES,,125,464,YES,YES,YES,YES,PASS,
674,Dumpling Hours,YES,,125,171,YES,YES,YES,YES,PASS,
675,Young's Automotive,YES,,125,1276,YES,YES,YES,YES,PASS,
676,Better Cuts Salon,YES,,111,279,YES,YES,YES,YES,PASS,
677,Siamese Dream,YES,,137,387,YES,YES,YES,YES,PASS,
678,Organic Greens,YES,,125,408,YES,YES,YES,YES,PASS,
679,Frank's Tailoring,YES,,137,439,YES,YES,YES,YES,PASS,
680,Seabreeze,YES,,125,480,YES,YES,YES,YES,PASS,
681,Panel craft,YES,,125,447,YES,YES,YES,YES,PASS,
682,Quince Cafe & Grill,YES,,100,406,YES,YES,YES,YES,PASS,
683,Eat @ Thai,YES,,125,454,YES,YES,YES,YES,PASS,
684,Himalayan Flavors,YES,,125,437,YES,YES,YES,YES,PASS,
685,Max And Company,YES,,137,170,YES,YES,YES,YES,PASS,
686,Kala salon,YES,,113,938,YES,YES,YES,YES,PASS,
687,K's Coffee House,YES,,95,474,YES,YES,YES,YES,PASS,
688,Paul's Shoe Repair,YES,,137,494,YES,YES,YES,YES,PASS,
689,眷湘 Easterly,YES,,125,424,YES,YES,YES,YES,PASS,
690,Royal Ground Coffee,YES,,100,1139,YES,YES,YES,YES,PASS,
691,Berkeley Auto Repair Center,YES,,125,413,YES,YES,YES,YES,PASS,
692,European Tailor,YES,,137,247,YES,YES,YES,YES,PASS,
693,Ashby Nails,YES,,113,922,YES,YES,YES,YES,PASS,
694,Pizza Amigos,YES,,125,462,YES,YES,YES,YES,PASS,
695,Temescal Wash & Dry,YES,,88,740,YES,YES,YES,YES,PASS,
696,Chef Yu Chinese Restaurant,YES,,125,759,YES,YES,YES,YES,PASS,
697,Town Essentials,YES,,137,172,YES,YES,YES,YES,PASS,
698,Timothy D. Lee,YES,,107,439,YES,YES,YES,YES,PASS,
699,Webster Cheap Auto Insurance Oakland,YES,,137,432,YES,YES,YES,YES,PASS,
700,Mac Khai,YES,,125,341,YES,YES,YES,YES,PASS,
701,Gum Kuo,YES,,125,368,YES,YES,YES,YES,PASS,
702,Yao Auto Repair,YES,,125,987,YES,YES,YES,YES,PASS,
703,Pacific Lighthouse Restaurant,YES,,125,448,YES,YES,YES,YES,PASS,
704,Spritzers Coffee House,YES,,137,410,YES,YES,YES,YES,PASS,
705,Polished,YES,,111,483,YES,YES,YES,YES,PASS,
706,Elegant Nails in Alameda,YES,,113,1096,YES,YES,YES,YES,PASS,
707,Carol L Chan Lamps,YES,,137,436,YES,YES,YES,YES,PASS,
708,Hi Tech Nails,YES,,113,450,YES,YES,YES,YES,PASS,
709,Ohgane Alameda x Vons Chicken,YES,,125,1482,YES,YES,YES,YES,PASS,
710,Eyebrow Station,YES,,113,459,YES,YES,YES,YES,PASS,
711,Best Alteration,YES,,137,170,YES,YES,YES,YES,PASS,
712,iSalon,YES,,113,433,YES,YES,YES,YES,PASS,
713,BB Bowl,YES,,125,1046,YES,YES,YES,YES,PASS,
714,Peña's Bakery II,YES,,130,732,YES,YES,YES,YES,PASS,
715,Mi Grullense Taco Truck,YES,,95,381,YES,YES,YES,YES,PASS,
716,Hogar Latino,YES,,125,439,YES,YES,YES,YES,PASS,
717,Elvia's Bridal & Tuxedo,YES,,137,923,YES,YES,YES,YES,PASS,
718,Pasteleria La Favorita,YES,,130,420,YES,YES,YES,YES,PASS,
719,Los Mexicanos Panaderia,YES,,130,440,YES,YES,YES,YES,PASS,
720,Fruitvale Collision Center,YES,,125,1270,YES,YES,YES,YES,PASS,
721,Peña's Bakery,YES,,130,440,YES,YES,YES,YES,PASS,
722,VN. Auto Service Center,YES,,125,458,YES,YES,YES,YES,PASS,
723,El Torito Auto Body,YES,,125,468,YES,YES,YES,YES,PASS,
724,K&7 Auto Repair,YES,,125,471,YES,YES,YES,YES,PASS,
725,Bodylines,YES,,125,577,YES,YES,YES,YES,PASS,
726,CocoBreeze,YES,,125,991,YES,YES,YES,YES,PASS,
727,Old Weang Ping Village,YES,,125,436,YES,YES,YES,YES,PASS,
728,Ming's Donuts,YES,,95,987,YES,YES,YES,YES,PASS,
729,Tiptop Hair & Nails,YES,,111,172,YES,YES,YES,YES,PASS,
730,Just Kids Pediatric Dentistry & Orthodontics - San Leandro,YES,,107,790,YES,YES,YES,YES,PASS,
731,Beauty Source,YES,,113,871,YES,YES,YES,YES,PASS,
732,BlendMasters,YES,,111,255,YES,YES,YES,YES,PASS,
733,Beauty Club,YES,,113,190,YES,YES,YES,YES,PASS,
734,Amaazing Hair and Nail,YES,,113,898,YES,YES,YES,YES,PASS,
735,Stylist Hair Salon,YES,,113,825,YES,YES,YES,YES,PASS,
736,Z Nail Spa,YES,,113,445,YES,YES,YES,YES,PASS,
737,Emil Villa's Hickory Pit,YES,,125,779,YES,YES,YES,YES,PASS,
738,Beijing Bowl,YES,,125,1279,YES,YES,YES,YES,PASS,
739,Dumpling Kitchen Express,YES,,95,482,YES,YES,YES,YES,PASS,
740,Pistons Car Care Center,YES,,125,464,YES,YES,YES,YES,PASS,
741,Sivan's Cafe,YES,,100,401,YES,YES,YES,YES,PASS,
742,Kennedy Snack Shop,YES,,95,469,YES,YES,YES,YES,PASS,
743,Bamboo Steamer,YES,,125,850,YES,YES,YES,YES,PASS,
744,pho ty II,YES,,125,467,YES,YES,YES,YES,PASS,
745,Blue Ginger Indian Restaurant,YES,,125,1084,YES,YES,YES,YES,PASS,
746,Gerry's Grill and Bar,YES,,125,497,YES,YES,YES,YES,PASS,
747,Ocean Bar,YES,,125,454,YES,YES,YES,YES,PASS,
748,The Une Sandwich Factory,YES,,95,439,YES,YES,YES,YES,PASS,
749,Macs By Icky,YES,,100,1177,YES,YES,YES,YES,PASS,
750,Zeny's Hair Salon,YES,,111,467,YES,YES,YES,YES,PASS,
751,Maneki Sushi,YES,,125,465,YES,YES,YES,YES,PASS,
752,Raja Sweets & Indian Cuisine,YES,,125,497,YES,YES,YES,YES,PASS,
753,Phở Pasteur,YES,,125,930,YES,YES,YES,YES,PASS,
754,Dragon House,YES,,125,457,YES,YES,YES,YES,PASS,
755,Lechon Manila,YES,,125,461,YES,YES,YES,YES,PASS,
756,New York Pizza & Kabob,YES,,125,435,YES,YES,YES,YES,PASS,
757,Cấm Hương Sandwiches,YES,,125,480,YES,YES,YES,YES,PASS,
758,King Calamari,YES,,125,492,YES,YES,YES,YES,PASS,
759,Delicious Donuts,YES,,95,1052,YES,YES,YES,YES,PASS,
760,Los Gallos Taqueria,YES,,95,1052,YES,YES,YES,YES,PASS,
761,Chopsticks Pho & Grill,YES,,125,484,YES,YES,YES,YES,PASS,
762,Jade Palace Restaurant,YES,,125,480,YES,YES,YES,YES,PASS,
763,Tucker Method,YES,,137,415,YES,YES,YES,YES,PASS,
764,Dino's,YES,,125,985,YES,YES,YES,YES,PASS,
765,Stela's Hair Salon,YES,,111,1115,YES,YES,YES,YES,PASS,
766,Sleek Salon,YES,,113,464,YES,YES,YES,YES,PASS,
767,Sushi Ken,YES,,125,362,YES,YES,YES,YES,PASS,
768,Doan's Hair & Spa,YES,,111,768,YES,YES,YES,YES,PASS,
769,"Amy B. Wong, D.D.S.",YES,,107,368,YES,YES,YES,YES,PASS,
770,Top Hair Cut & Salon,YES,,111,640,YES,YES,YES,YES,PASS,
771,De Ala Dental,YES,,107,687,YES,YES,YES,YES,PASS,
772,L'Amour Nails,YES,,113,406,YES,YES,YES,YES,PASS,
773,Max Nunez CPA,YES,,137,712,YES,YES,YES,YES,PASS,
774,Young Beauty Salon,YES,,113,831,YES,YES,YES,YES,PASS,
775,Pho Saigon Pasteur,YES,,125,462,YES,YES,YES,YES,PASS,
776,CT Nails & Spa,YES,,113,920,YES,YES,YES,YES,PASS,
777,Red Pot,YES,,125,441,YES,YES,YES,YES,PASS,
778,Lok Nails,YES,,113,424,YES,YES,YES,YES,PASS,
779,Star Salon,YES,,113,1328,YES,YES,YES,YES,PASS,
780,"Richard My Ta, D.D.S., Inc.",YES,,107,213,YES,YES,YES,YES,PASS,
781,A+ Hk Style Cafe,YES,,125,447,YES,YES,YES,YES,PASS,
782,Sean's Barber Shop,YES,,111,464,YES,YES,YES,YES,PASS,
783,Little Taipei Café,YES,,125,518,YES,YES,YES,YES,PASS,
784,Vincent Liang Dentistry,YES,,107,579,YES,YES,YES,YES,PASS,
785,OP Beautiful Nails Spa,YES,,113,437,YES,YES,YES,YES,PASS,
786,Beauty Touch,YES,,113,1039,YES,YES,YES,YES,PASS,
787,Shing's Hair Studio,YES,,111,422,YES,YES,YES,YES,PASS,
788,Gao's Kabob & Crab,YES,,125,454,YES,YES,YES,YES,PASS,
789,Chick & Tea,YES,,125,468,YES,YES,YES,YES,PASS,
790,Bliss Beauty & Spa,YES,,113,437,YES,YES,YES,YES,PASS,
791,Allianace Dental Center,YES,,107,1266,YES,YES,YES,YES,PASS,
792,Loved And Lashed,YES,,113,420,YES,YES,YES,YES,PASS,
793,I Nails,YES,,113,783,YES,YES,YES,YES,PASS,
794,MM Barbershop,YES,,111,479,YES,YES,YES,YES,PASS,
795,The Pizza Box,YES,,125,465,YES,YES,YES,YES,PASS,
796,Chez Christina,YES,,125,470,YES,YES,YES,YES,PASS,
797,Victoria Hair & Nails,YES,,111,385,YES,YES,YES,YES,PASS,
798,AAA Dental Care;先進牙醫中心,YES,,107,318,YES,YES,YES,YES,PASS,
799,Christy's Donuts,YES,,95,475,YES,YES,YES,YES,PASS,
800,Be My Nails,YES,,113,735,YES,YES,YES,YES,PASS,
801,BBH Noodle,YES,,125,472,YES,YES,YES,YES,PASS,
802,Calaveras Family Dentistry,YES,,107,462,YES,YES,YES,YES,PASS,
803,Tina's Hair Design,YES,,111,219,YES,YES,YES,YES,PASS,
804,Park Victoria Dental,YES,,107,448,YES,YES,YES,YES,PASS,
805,King Chicken Wing,YES,,125,458,YES,YES,YES,YES,PASS,
806,Modern Image,YES,,111,1259,YES,YES,YES,YES,PASS,
807,Radiant Dental,YES,,107,444,YES,YES,YES,YES,PASS,
808,Luu New Tung Kee Noodle,YES,,125,477,YES,YES,YES,YES,PASS,
809,Jeanne's Nail Spa,YES,,113,408,YES,YES,YES,YES,PASS,
810,Taiwan Cafe,YES,,125,962,YES,YES,YES,YES,PASS,
811,Donut Basket,YES,,95,1054,YES,YES,YES,YES,PASS,
812,Sen Dai Sushi,YES,,125,430,YES,YES,YES,YES,PASS,
813,Taste Good Beijing Duck,YES,,125,171,YES,YES,YES,YES,PASS,
814,Bleu de Beaute,YES,,113,1252,YES,YES,YES,YES,PASS,
815,Sonam House Of Indian Fashion,YES,,137,456,YES,YES,YES,YES,PASS,
816,Serra Barber Shop,YES,,111,453,YES,YES,YES,YES,PASS,
817,Hair Day - The Korean Salon,YES,,111,288,YES,YES,YES,YES,PASS,
818,Ann Hong Vietnamese Restaurant,YES,,125,320,YES,YES,YES,YES,PASS,
819,Angel Nails Spa,YES,,113,1534,YES,YES,YES,YES,PASS,
820,El Alazan Grill,YES,,125,463,YES,YES,YES,YES,PASS,
821,Jiuding Flavor Restaurant,YES,,125,1106,YES,YES,YES,YES,PASS,
822,Apt.Li Xiang Restaurant,YES,,125,329,YES,YES,YES,YES,PASS,
823,Hair.Com,YES,,111,487,YES,YES,YES,YES,PASS,
824,Dreamhair Beauty Salon,YES,,113,342,YES,YES,YES,YES,PASS,
825,AikoNails,YES,,113,388,YES,YES,YES,YES,PASS,
826,Mina's Korean BBQ,YES,,125,1155,YES,YES,YES,YES,PASS,
827,Easterly Hunan Cuisine,YES,,125,423,YES,YES,YES,YES,PASS,
828,New Camau,YES,,95,440,YES,YES,YES,YES,PASS,
829,Amakai,YES,,125,433,YES,YES,YES,YES,PASS,
830,Amazing Cuts,YES,,111,377,YES,YES,YES,YES,PASS,
831,Lakewood Dental Care,YES,,107,718,YES,YES,YES,YES,PASS,
832,Hunan Mifen Chinese Rice Noodles,YES,,125,1091,YES,YES,YES,YES,PASS,
833,Hi Nail Salon & Eyelash,YES,,113,474,YES,YES,YES,YES,PASS,
834,HR Beauty Salon,YES,,111,441,YES,YES,YES,YES,PASS,
835,Bagel Street Cafe,YES,,100,1155,YES,YES,YES,YES,PASS,
836,Alpha Barbershop,YES,,111,448,YES,YES,YES,YES,PASS,
837,Hendy Auto Services,YES,,125,1120,YES,YES,YES,YES,PASS,
838,TJ Automotive,YES,,125,302,YES,YES,YES,YES,PASS,
839,Famous Food Restaurant,YES,,125,432,YES,YES,YES,YES,PASS,
840,Taqueria Patzcuaro,YES,,95,471,YES,YES,YES,YES,PASS,
841,Noodle Talk,YES,,125,418,YES,YES,YES,YES,PASS,
842,TC Accounting,YES,,137,172,YES,YES,YES,YES,PASS,
843,Lozano's Brushless Car Wash,YES,,137,402,YES,YES,YES,YES,PASS,
844,Sunny Beauty Salon & Nails,YES,,111,786,YES,YES,YES,YES,PASS,
845,"Liem Tran, DDS",YES,,107,804,YES,YES,YES,YES,PASS,
846,ICON Wintow Tint,YES,,125,1271,YES,YES,YES,YES,PASS,
847,NAR,YES,,125,453,YES,YES,YES,YES,PASS,
848,KJ's Cafe,YES,,100,504,YES,YES,YES,YES,PASS,
849,Tammy Salon,YES,,113,432,YES,YES,YES,YES,PASS,
850,"Curtis Miyahara, DMD",YES,,107,458,YES,YES,YES,YES,PASS,
851,La Venus,YES,,113,988,YES,YES,YES,YES,PASS,
852,Paris Tailor,YES,,137,460,YES,YES,YES,YES,PASS,
853,Cambric Ltd,YES,,137,356,YES,YES,YES,YES,PASS,
854,Nancy's Tailor,YES,,137,241,YES,YES,YES,YES,PASS,
855,The Pho Cabin,YES,,125,483,YES,YES,YES,YES,PASS,
856,Harold's Jewelry,YES,,137,455,YES,YES,YES,YES,PASS,
857,Mikado,YES,,125,445,YES,YES,YES,YES,PASS,
858,Tacos Al Vapor,YES,,95,451,YES,YES,YES,YES,PASS,
859,Ann's Nails,YES,,113,1029,YES,YES,YES,YES,PASS,
860,Blades Styling,YES,,111,407,YES,YES,YES,YES,PASS,
861,Nail Touch Beauty Salon,YES,,113,790,YES,YES,YES,YES,PASS,
862,Royal Beauty Salon,YES,,111,426,YES,YES,YES,YES,PASS,
863,Yardbird Equipment,YES,,137,460,YES,YES,YES,YES,PASS,
864,Mercedes Benz Repair,YES,,125,1106,YES,YES,YES,YES,PASS,
865,Beauty Salon Haircut,YES,,111,769,YES,YES,YES,YES,PASS,
866,Star Nail Spa,YES,,113,466,YES,YES,YES,YES,PASS,
867,Sushi Jin,YES,,125,408,YES,YES,YES,YES,PASS,
868,Bailey Beauty Salon,YES,,113,449,YES,YES,YES,YES,PASS,
869,Dr. Yvette Tan Antonio Family Dentistry,YES,,107,807,YES,YES,YES,YES,PASS,
870,Ramen Izakaya Yu-Gen,YES,,125,419,YES,YES,YES,YES,PASS,
871,Salon Finesse,YES,,113,459,YES,YES,YES,YES,PASS,
872,Center Tailoring & Alterations,YES,,137,762,YES,YES,YES,YES,PASS,
873,Hong Kong Bakery and Cafe,YES,,130,778,YES,YES,YES,YES,PASS,
874,Imagine Hair Salon,YES,,111,459,YES,YES,YES,YES,PASS,
875,Phở Tô Châu,YES,,125,509,YES,YES,YES,YES,PASS,
876,Mervyn's Lounge,YES,,104,429,YES,YES,YES,YES,PASS,
877,Taqueria Los Charros,YES,,125,559,YES,YES,YES,YES,PASS,
878,D'Cache Beauty Salon,YES,,113,447,YES,YES,YES,YES,PASS,
879,Emergency Animal Care,YES,,137,810,YES,YES,YES,YES,PASS,
880,Esther's German Restaurant,YES,,125,303,YES,YES,YES,YES,PASS,
881,A Good Morning,YES,,125,1005,YES,YES,YES,YES,PASS,
882,Phở Vỉ Hoa,YES,,125,974,YES,YES,YES,YES,PASS,
883,The Lux Beauty,YES,,113,446,YES,YES,YES,YES,PASS,
884,Amici,YES,,125,443,YES,YES,YES,YES,PASS,
885,The Sea by Alexander's Steakhouse,YES,,125,435,YES,YES,YES,YES,PASS,
886,Palo Alto Advanced Dentists,YES,,107,798,YES,YES,YES,YES,PASS,
887,Sushi Tomo,YES,,125,473,YES,YES,YES,YES,PASS,
888,Hong Kong Restaurant,YES,,125,447,YES,YES,YES,YES,PASS,
889,Smog 4 Less,YES,,125,477,YES,YES,YES,YES,PASS,
890,Wilmer Hale,YES,,137,755,YES,YES,YES,YES,PASS,
891,Salon 454,YES,,111,428,YES,YES,YES,YES,PASS,
892,Hairshaper's Club,YES,,111,411,YES,YES,YES,YES,PASS,
893,Palo Alto Sol,YES,,125,388,YES,YES,YES,YES,PASS,
894,Daigo,YES,,125,471,YES,YES,YES,YES,PASS,
895,Hair Studio,YES,,111,435,YES,YES,YES,YES,PASS,
896,Nina's Nails & Hair,YES,,111,343,YES,YES,YES,YES,PASS,
897,Mi Taqueria,YES,,125,814,YES,YES,YES,YES,PASS,
898,Markstyle,YES,,111,989,YES,YES,YES,YES,PASS,
899,Tony's Pizza,YES,,125,478,YES,YES,YES,YES,PASS,
900,New Generation Nails,YES,,111,767,YES,YES,YES,YES,PASS,
901,Ochoas Beauty Salon,YES,,111,412,YES,YES,YES,YES,PASS,
902,Menlo Park Smog,YES,,125,625,YES,YES,YES,YES,PASS,
903,Simply Be Beautiful,YES,,113,445,YES,YES,YES,YES,PASS,
904,Pho Banh Mi,YES,,125,461,YES,YES,YES,YES,PASS,
905,Sky Nails,YES,,113,418,YES,YES,YES,YES,PASS,
906,LaMigliore Salon,YES,,113,279,YES,YES,YES,YES,PASS,
907,Park Avenue Salon and Spa,YES,,113,440,YES,YES,YES,YES,PASS,
908,Simpson's Barber Shop,YES,,111,352,YES,YES,YES,YES,PASS,
909,J&J Hawaiian Barbeque,YES,,125,997,YES,YES,YES,YES,PASS,
910,MsKouture,YES,,137,402,YES,YES,YES,YES,PASS,
911,Bravo! Taqueria,YES,,125,458,YES,YES,YES,YES,PASS,
912,King's Court Barber Salon,YES,,111,473,YES,YES,YES,YES,PASS,
913,One on One Fiteness,YES,,137,449,YES,YES,YES,YES,PASS,
914,Reflections Hair Design,YES,,111,453,YES,YES,YES,YES,PASS,
915,Precious Nails,YES,,113,438,YES,YES,YES,YES,PASS,
916,Pho Truong Long,YES,,125,434,YES,YES,YES,YES,PASS,
917,Clean Wash,YES,,88,443,YES,YES,YES,YES,PASS,
918,Nancy's Nails,YES,,113,439,YES,YES,YES,YES,PASS,
919,Family Hair Salon,YES,,111,424,YES,YES,YES,YES,PASS,
920,Karlita's Taco Place,YES,,95,474,YES,YES,YES,YES,PASS,
921,Men Haircuts by Lilian,YES,,111,459,YES,YES,YES,YES,PASS,
922,Diner Japonica,YES,,125,455,YES,YES,YES,YES,PASS,
923,Villa Roma Cocktail Lounge,YES,,104,782,YES,YES,YES,YES,PASS,
924,Turfside Grille,YES,,125,944,YES,YES,YES,YES,PASS,
925,Las Parrillas,YES,,125,489,YES,YES,YES,YES,PASS,
926,Tere's Boutique,YES,,137,782,YES,YES,YES,YES,PASS,
927,Rocio Alvizar,YES,,107,424,YES,YES,YES,YES,PASS,
928,Vico's Beauty Salon,YES,,113,472,YES,YES,YES,YES,PASS,
929,Amparo's Shoe Repair,YES,,137,648,YES,YES,YES,YES,PASS,
930,Zessy's Beauty Salon,YES,,113,171,YES,YES,YES,YES,PASS,
931,Hometown Noodles,YES,,125,413,YES,YES,YES,YES,PASS,
932,United,YES,,125,437,YES,YES,YES,YES,PASS,
933,Taqueria Gonzales,YES,,125,499,YES,YES,YES,YES,PASS,
934,Villa Latina,YES,,137,462,YES,YES,YES,YES,PASS,
935,Irma's Beauty Salon,YES,,111,495,YES,YES,YES,YES,PASS,
936,Hair and Nails by Nancy,YES,,111,779,YES,YES,YES,YES,PASS,
937,Glamerous Looks Salon,YES,,111,806,YES,YES,YES,YES,PASS,
938,Joyeria 3RRR,YES,,137,442,YES,YES,YES,YES,PASS,
939,Samantha's Salon,YES,,111,843,YES,YES,YES,YES,PASS,
940,San Luis Auto Glass,YES,,125,792,YES,YES,YES,YES,PASS,
941,L&M Transmissions,YES,,125,818,YES,YES,YES,YES,PASS,
942,Joe's Auto Repair,YES,,125,1279,YES,YES,YES,YES,PASS,
943,La Tres Marias,YES,,88,384,YES,YES,YES,YES,PASS,
944,Liebe's Auto Body,YES,,125,169,YES,YES,YES,YES,PASS,
945,La Chapina,YES,,125,414,YES,YES,YES,YES,PASS,
946,Redwood City Transmission,YES,,125,795,YES,YES,YES,YES,PASS,
947,Estraella Smog Check,YES,,125,936,YES,YES,YES,YES,PASS,
948,A&S Automotive,YES,,125,395,YES,YES,YES,YES,PASS,
949,Osuna Auto Repair,YES,,125,485,YES,YES,YES,YES,PASS,
950,Tzintzun Auto Repair,YES,,125,403,YES,YES,YES,YES,PASS,
951,H&H Automotive,YES,,125,392,YES,YES,YES,YES,PASS,
952,Uruapan,YES,,137,418,YES,YES,YES,YES,PASS,
953,New Age Hair & Nail Spa,YES,,113,311,YES,YES,YES,YES,PASS,
954,La Costa,YES,,125,463,YES,YES,YES,YES,PASS,
955,KY's Auto Repair,YES,,125,1382,YES,YES,YES,YES,PASS,
956,Tacos El Camino,YES,,125,483,YES,YES,YES,YES,PASS,
957,Capelli Beauty,YES,,113,431,YES,YES,YES,YES,PASS,
958,Nor Cal Collision,YES,,125,889,YES,YES,YES,YES,PASS,
959,US Chinese Food,YES,,125,459,YES,YES,YES,YES,PASS,
960,Laluces Dental,YES,,107,416,YES,YES,YES,YES,PASS,
961,Beauty Touch Salon,YES,,111,220,YES,YES,YES,YES,PASS,
962,El Camino Auto Body,YES,,125,967,YES,YES,YES,YES,PASS,
963,Padilla's Auto Repair,YES,,125,523,YES,YES,YES,YES,PASS,
964,HK Smog,YES,,125,604,YES,YES,YES,YES,PASS,
965,Castillo's Auto Electric,YES,,125,793,YES,YES,YES,YES,PASS,
966,Stuttgart Motors,YES,,125,448,YES,YES,YES,YES,PASS,
967,Ray's Auto Repair,YES,,125,926,YES,YES,YES,YES,PASS,
968,Chu's Florist & Birds,YES,,137,469,YES,YES,YES,YES,PASS,
969,Tammy's Joyeria y Paqueteria,YES,,137,171,YES,YES,YES,YES,PASS,
970,F.C. Painting,YES,,137,302,YES,YES,YES,YES,PASS,
971,Family Wash and Fold,YES,,88,774,YES,YES,YES,YES,PASS,
972,Ben's Auto Tech,YES,,125,452,YES,YES,YES,YES,PASS,
973,Elio's Jewelry,YES,,137,171,YES,YES,YES,YES,PASS,
974,El Zarape,YES,,125,469,YES,YES,YES,YES,PASS,
975,Languren's Beauty Salon,YES,,111,755,YES,YES,YES,YES,PASS,
976,Los Temos Taqueria,YES,,125,456,YES,YES,YES,YES,PASS,
977,Faby's Jewelers,YES,,137,1319,YES,YES,YES,YES,PASS,
978,Wash & Dry Coin Laundry,YES,,88,211,YES,YES,YES,YES,PASS,
979,Primo Auto Service,YES,,125,171,YES,YES,YES,YES,PASS,
980,Nails Trix Salon,YES,,113,297,YES,YES,YES,YES,PASS,
981,Lynn Auto Machine,YES,,125,418,YES,YES,YES,YES,PASS,
982,Muffler Express,YES,,125,973,YES,YES,YES,YES,PASS,
983,Perfectly Cut,YES,,111,408,YES,YES,YES,YES,PASS,
984,Happy Donuts,YES,,95,1018,YES,YES,YES,YES,PASS,
985,Perfect 10 Nails,YES,,113,205,YES,YES,YES,YES,PASS,
986,Memole & Company,YES,,137,752,YES,YES,YES,YES,PASS,
987,Découpage Hair,YES,,111,426,YES,YES,YES,YES,PASS,
988,Bluefin Sushi & Teriyaki Grill,YES,,125,1239,YES,YES,YES,YES,PASS,
989,Kemuri Japanese Barú,YES,,125,470,YES,YES,YES,YES,PASS,
990,Peninsula Uniforms & Equipment,YES,,137,416,YES,YES,YES,YES,PASS,
991,Naranjo's Taqueria,YES,,95,1296,YES,YES,YES,YES,PASS,
992,Shiny Nails,YES,,113,443,YES,YES,YES,YES,PASS,
993,Fabulous Hair & Nails,YES,,111,409,YES,YES,YES,YES,PASS,
994,Estampas Peruanas,YES,,125,455,YES,YES,YES,YES,PASS,
995,Hair Pro,YES,,111,943,YES,YES,YES,YES,PASS,
996,Elegant Hair & Nail Salon,YES,,113,636,YES,YES,YES,YES,PASS,
997,Plantation Coffee Roastery,YES,,100,752,YES,YES,YES,YES,PASS,
998,Downtown Local,YES,,100,1262,YES,YES,YES,YES,PASS,
999,Mercado & Taqueria De Amigos,YES,,125,445,YES,YES,YES,YES,PASS,
1000,Pine Tent,YES,,125,853,YES,YES,YES,YES,PASS,
