Route stop,Business,Profile image URL,HTTP status,Final URL,Content type,Fetched bytes,Fetch milliseconds,Error
1,MO's Deli & Cafe,https://s3-media0.fl.yelpcdn.com/bphoto/-G_202d0gz6ber_bCO0ewQ/348s.jpg,200,https://s3-media0.fl.yelpcdn.com/bphoto/-G_202d0gz6ber_bCO0ewQ/348s.jpg,image/jpeg,0,89,
7,Sunesy Hair Design,https://images.fresha.com/locations/location-profile-images/197145/2507697/cd351da6-b4c4-47f8-8497-e840013ddbdd.jpg?class=venue-gallery-small&f_width=1080,200,https://images.fresha.com/locations/location-profile-images/197145/2507697/cd351da6-b4c4-47f8-8497-e840013ddbdd.jpg?class=venue-gallery-small&f_width=1080,image/jpeg,0,82,
8,The Pantry,https://s3-media0.fl.yelpcdn.com/bphoto/ztajWcCTYzdJpSwvvNEzlg/300s.jpg,200,https://s3-media0.fl.yelpcdn.com/bphoto/ztajWcCTYzdJpSwvvNEzlg/300s.jpg,image/jpeg,0,84,
11,Izakaya Mai,https://s3-media0.fl.yelpcdn.com/bphoto/_ym3iJ4kbrgasAJ5V7HCrg/258s.jpg,200,https://s3-media0.fl.yelpcdn.com/bphoto/_ym3iJ4kbrgasAJ5V7HCrg/258s.jpg,image/jpeg,0,82,
13,L'Vian Boutique,https://s3-media0.fl.yelpcdn.com/bphoto/6DRXitNCAPmSxwIkzKbcgg/o.jpg,200,https://s3-media0.fl.yelpcdn.com/bphoto/6DRXitNCAPmSxwIkzKbcgg/o.jpg,image/jpeg,0,79,
14,V&V Nails,https://s3-media0.fl.yelpcdn.com/bphoto/cY6rtcA_KZON0PjLYWUHBA/300s.jpg,200,https://s3-media0.fl.yelpcdn.com/bphoto/cY6rtcA_KZON0PjLYWUHBA/300s.jpg,image/jpeg,0,79,
19,South City Hair,https://s3-media0.fl.yelpcdn.com/bphoto/kj19tQIEzxHg4EMOrtcg1g/l.jpg,200,https://s3-media0.fl.yelpcdn.com/bphoto/kj19tQIEzxHg4EMOrtcg1g/l.jpg,image/jpeg,0,76,
21,Round N Round Pot,https://s3-media0.fl.yelpcdn.com/bphoto/IqvbcKuTOKR74ZIq5Yv_Mw/348s.jpg,200,https://s3-media0.fl.yelpcdn.com/bphoto/IqvbcKuTOKR74ZIq5Yv_Mw/348s.jpg,image/jpeg,0,84,
26,Western Donuts,https://s3-media0.fl.yelpcdn.com/bphoto/7xScUFDB_8XhDAIb2sNLxg/l.jpg,200,https://s3-media0.fl.yelpcdn.com/bphoto/7xScUFDB_8XhDAIb2sNLxg/l.jpg,image/jpeg,0,71,
29,Hayden Auto Care,https://s3-media0.fl.yelpcdn.com/bphoto/I-ovH8wdoygBi7YL6E8LfA/o.jpg,200,https://s3-media0.fl.yelpcdn.com/bphoto/I-ovH8wdoygBi7YL6E8LfA/o.jpg,image/jpeg,0,71,
36,Java on Ocean Cafe,https://s3-media0.fl.yelpcdn.com/bphoto/E3p1ho_PdTf2rvYccQ8pnA/l.jpg,200,https://s3-media0.fl.yelpcdn.com/bphoto/E3p1ho_PdTf2rvYccQ8pnA/l.jpg,image/jpeg,0,72,
38,Sakesan Sushi & Robata,https://s3-media0.fl.yelpcdn.com/bphoto/UG01FtEVEgFAGi019lvkyA/300s.jpg,200,https://s3-media0.fl.yelpcdn.com/bphoto/UG01FtEVEgFAGi019lvkyA/300s.jpg,image/jpeg,0,81,
39,Go Go 7,https://s3-media0.fl.yelpcdn.com/bphoto/b3ge3gLbSrae7vGcyGg8dw/348s.jpg,200,https://s3-media0.fl.yelpcdn.com/bphoto/b3ge3gLbSrae7vGcyGg8dw/348s.jpg,image/jpeg,0,71,
43,Pacitas Salvadorean Bakery,https://s3-media0.fl.yelpcdn.com/bphoto/cb-vad2guDn5iqXld_OqyQ/348s.jpg,200,https://s3-media0.fl.yelpcdn.com/bphoto/cb-vad2guDn5iqXld_OqyQ/348s.jpg,image/jpeg,0,78,
48,Cafe Bello,https://s3-media0.fl.yelpcdn.com/bphoto/ckYO_YjD9JQNwR_q1xPmbA/348s.jpg,200,https://s3-media0.fl.yelpcdn.com/bphoto/ckYO_YjD9JQNwR_q1xPmbA/348s.jpg,image/jpeg,0,83,
49,Higher Grounds Coffee House and Restaurant,https://s3-media0.fl.yelpcdn.com/bphoto/ihk_Z3mj4UdVNz4c3tc36w/300s.jpg,200,https://s3-media0.fl.yelpcdn.com/bphoto/ihk_Z3mj4UdVNz4c3tc36w/300s.jpg,image/jpeg,0,74,
50,Ming Hui Dim Sum,https://s3-media0.fl.yelpcdn.com/bphoto/Y85wy-iiPVk8XvlG1doOPg/o.jpg,200,https://s3-media0.fl.yelpcdn.com/bphoto/Y85wy-iiPVk8XvlG1doOPg/o.jpg,image/jpeg,0,59,
57,3R Automotive,https://s3-media0.fl.yelpcdn.com/bphoto/akU9NibbCHhQA3tJd4Mq_w/l.jpg,200,https://s3-media0.fl.yelpcdn.com/bphoto/akU9NibbCHhQA3tJd4Mq_w/l.jpg,image/jpeg,0,64,
60,Moonlight Cafe,https://s3-media0.fl.yelpcdn.com/bphoto/jZfdpldHaa_Z-NXvse4BIQ/258s.jpg,200,https://s3-media0.fl.yelpcdn.com/bphoto/jZfdpldHaa_Z-NXvse4BIQ/258s.jpg,image/jpeg,0,64,
67,Taqueria Can-Cún,https://s3-media0.fl.yelpcdn.com/bphoto/ZVCihaisaoSRLvHDyMJ97A/258s.jpg,200,https://s3-media0.fl.yelpcdn.com/bphoto/ZVCihaisaoSRLvHDyMJ97A/258s.jpg,image/jpeg,0,62,
68,Healthy Nails,https://s3-media0.fl.yelpcdn.com/bphoto/7jaZV2vP3WFiAV3-Ci6uJA/o.jpg,200,https://s3-media0.fl.yelpcdn.com/bphoto/7jaZV2vP3WFiAV3-Ci6uJA/o.jpg,image/jpeg,0,92,
69,Eco Jewelers,https://s3-media0.fl.yelpcdn.com/bphoto/90ktKy7HJWYZpzXtm4Z3pQ/o.jpg,200,https://s3-media0.fl.yelpcdn.com/bphoto/90ktKy7HJWYZpzXtm4Z3pQ/o.jpg,image/jpeg,0,95,
70,Las Brisas de Acapulco,https://s3-media0.fl.yelpcdn.com/bphoto/pGVF5w9wXjxMOjq1JnFhWw/l.jpg,200,https://s3-media0.fl.yelpcdn.com/bphoto/pGVF5w9wXjxMOjq1JnFhWw/l.jpg,image/jpeg,0,60,
72,Pepe’s Auto Repair,https://s3-media0.fl.yelpcdn.com/bphoto/ZqTnCo0ZDWyMm8jSN01ISw/348s.jpg,200,https://s3-media0.fl.yelpcdn.com/bphoto/ZqTnCo0ZDWyMm8jSN01ISw/348s.jpg,image/jpeg,0,70,
73,The Phone Booth,https://s3-media0.fl.yelpcdn.com/bphoto/ySnp3B5PKhtysAk68-DYrQ/300s.jpg,200,https://s3-media0.fl.yelpcdn.com/bphoto/ySnp3B5PKhtysAk68-DYrQ/300s.jpg,image/jpeg,0,64,
75,Ariel’s Breakfast Mi Yucatan,https://s3-media0.fl.yelpcdn.com/bphoto/iBetX-VYVoj2OjXYogmsbw/o.jpg,200,https://s3-media0.fl.yelpcdn.com/bphoto/iBetX-VYVoj2OjXYogmsbw/o.jpg,image/jpeg,0,64,
79,Pacific Collision Care,https://s3-media0.fl.yelpcdn.com/bphoto/bErGLdtVXlNSKRl7ptzm_g/l.jpg,200,https://s3-media0.fl.yelpcdn.com/bphoto/bErGLdtVXlNSKRl7ptzm_g/l.jpg,image/jpeg,0,90,
80,Big Mouth Burgers & Beers,https://s3-media0.fl.yelpcdn.com/bphoto/7nJhH4mfltcsfcvGXhafWg/348s.jpg,200,https://s3-media0.fl.yelpcdn.com/bphoto/7nJhH4mfltcsfcvGXhafWg/348s.jpg,image/jpeg,0,66,
84,Las Palmeras,https://s3-media0.fl.yelpcdn.com/bphoto/-gEuEtI_pgWKfVS6OgGqkQ/348s.jpg,200,https://s3-media0.fl.yelpcdn.com/bphoto/-gEuEtI_pgWKfVS6OgGqkQ/348s.jpg,image/jpeg,0,72,
86,The Jelly Donut,https://s3-media0.fl.yelpcdn.com/bphoto/0682TyE0WIsbrI1Ynp-gNw/348s.jpg,200,https://s3-media0.fl.yelpcdn.com/bphoto/0682TyE0WIsbrI1Ynp-gNw/348s.jpg,image/jpeg,0,63,
89,Center Nails,https://s3-media0.fl.yelpcdn.com/bphoto/dykFpWDGWVKJEQnJ7m07cw/o.jpg,200,https://s3-media0.fl.yelpcdn.com/bphoto/dykFpWDGWVKJEQnJ7m07cw/o.jpg,image/jpeg,0,80,
93,Laura's Beauty and Barber Shop,https://s3-media0.fl.yelpcdn.com/bphoto/vrZq94xATlXfuUKUQwpSLQ/o.jpg,200,https://s3-media0.fl.yelpcdn.com/bphoto/vrZq94xATlXfuUKUQwpSLQ/o.jpg,image/jpeg,0,64,
94,Homestead,https://s3-media0.fl.yelpcdn.com/bphoto/GaCVH4l_PYbLDyZccz-6Jw/o.jpg,200,https://s3-media0.fl.yelpcdn.com/bphoto/GaCVH4l_PYbLDyZccz-6Jw/o.jpg,image/jpeg,0,62,
95,El Tepa,https://s3-media0.fl.yelpcdn.com/bphoto/9PENpMQJk_NYMXLzHgq7LA/348s.jpg,200,https://s3-media0.fl.yelpcdn.com/bphoto/9PENpMQJk_NYMXLzHgq7LA/348s.jpg,image/jpeg,0,64,
100,Alhamra,https://s3-media0.fl.yelpcdn.com/bphoto/xQkjv6fbYLru94htW3CI6g/348s.jpg,200,https://s3-media0.fl.yelpcdn.com/bphoto/xQkjv6fbYLru94htW3CI6g/348s.jpg,image/jpeg,0,63,
101,Ramen Izakaya Goku,https://s3-media0.fl.yelpcdn.com/bphoto/3o5RQHFlGwBFBluD1wY-gw/o.jpg,200,https://s3-media0.fl.yelpcdn.com/bphoto/3o5RQHFlGwBFBluD1wY-gw/o.jpg,image/jpeg,0,71,
102,500 Club,https://s3-media0.fl.yelpcdn.com/bphoto/6DSnNWDME7P8IgmSv6rNbw/o.jpg,200,https://s3-media0.fl.yelpcdn.com/bphoto/6DSnNWDME7P8IgmSv6rNbw/o.jpg,image/jpeg,0,80,
103,Java Supreme,https://s3-media0.fl.yelpcdn.com/bphoto/Fnui7MKy1Xz7op5fvnOPLQ/258s.jpg,200,https://s3-media0.fl.yelpcdn.com/bphoto/Fnui7MKy1Xz7op5fvnOPLQ/258s.jpg,image/jpeg,0,78,
107,Dragon City Bakery,https://s3-media0.fl.yelpcdn.com/bphoto/-XIx3PnjcbpiIV8LB00RFA/o.jpg,200,https://s3-media0.fl.yelpcdn.com/bphoto/-XIx3PnjcbpiIV8LB00RFA/o.jpg,image/jpeg,0,79,
108,Fiesta Laundromat,https://s3-media0.fl.yelpcdn.com/bphoto/8DjE11gEDBLm4lbtcYbhwQ/l.jpg,200,https://s3-media0.fl.yelpcdn.com/bphoto/8DjE11gEDBLm4lbtcYbhwQ/l.jpg,image/jpeg,0,64,
109,Pan Lido Salvadoreno,https://s3-media4.fl.yelpcdn.com/bphoto/F3VIaSlrHqUf5Fu3zyOlxQ/ls.jpg,200,https://s3-media4.fl.yelpcdn.com/bphoto/F3VIaSlrHqUf5Fu3zyOlxQ/ls.jpg,image/jpeg,0,58,
111,Eyebrow Star,https://s3-media0.fl.yelpcdn.com/bphoto/E8OUHqX68zJcg0VU3Oo3vg/o.jpg,200,https://s3-media0.fl.yelpcdn.com/bphoto/E8OUHqX68zJcg0VU3Oo3vg/o.jpg,image/jpeg,0,88,
121,Hing Wang Bakery,https://s3-media0.fl.yelpcdn.com/bphoto/oZfCqTvA1gFXYXWsgBK2GQ/348s.jpg,200,https://s3-media0.fl.yelpcdn.com/bphoto/oZfCqTvA1gFXYXWsgBK2GQ/348s.jpg,image/jpeg,0,62,
124,Jenny's Hair Salon,https://s3-media0.fl.yelpcdn.com/bphoto/DgFiWy0QFpG0ZzGJk-T37g/o.jpg,200,https://s3-media0.fl.yelpcdn.com/bphoto/DgFiWy0QFpG0ZzGJk-T37g/o.jpg,image/jpeg,0,66,
127,Noodle Stop,https://s3-media0.fl.yelpcdn.com/bphoto/yoWV-z7CVRaCd1S_mO955Q/348s.jpg,200,https://s3-media0.fl.yelpcdn.com/bphoto/yoWV-z7CVRaCd1S_mO955Q/348s.jpg,image/jpeg,0,58,
129,Neon Shade,https://s3-media0.fl.yelpcdn.com/bphoto/c-e2qXx9HLZvqUcMW7mWHQ/o.jpg,200,https://s3-media0.fl.yelpcdn.com/bphoto/c-e2qXx9HLZvqUcMW7mWHQ/o.jpg,image/jpeg,0,69,
136,Happy Bakery / Dim Sum To Go,https://s3-media0.fl.yelpcdn.com/bphoto/797oBYqqGh7ozTNZkDbahQ/l.jpg,200,https://s3-media0.fl.yelpcdn.com/bphoto/797oBYqqGh7ozTNZkDbahQ/l.jpg,image/jpeg,0,58,
138,Steam Rice Roll King,https://s3-media0.fl.yelpcdn.com/bphoto/2WiwZXxw9psmqJJA1FCw4A/l.jpg,200,https://s3-media0.fl.yelpcdn.com/bphoto/2WiwZXxw9psmqJJA1FCw4A/l.jpg,image/jpeg,0,57,
141,Salon de Hong Kong,https://s3-media0.fl.yelpcdn.com/bphoto/1GkLshpEo7eKNXOwG4fVwg/l.jpg,200,https://s3-media0.fl.yelpcdn.com/bphoto/1GkLshpEo7eKNXOwG4fVwg/l.jpg,image/jpeg,0,59,
143,Salon 828,https://s3-media0.fl.yelpcdn.com/bphoto/CA5aV9JWA_J00Cj93xjwcA/o.jpg,200,https://s3-media0.fl.yelpcdn.com/bphoto/CA5aV9JWA_J00Cj93xjwcA/o.jpg,image/jpeg,0,62,
145,PPQ (Phở Phú Quốc) Beef Noodle House,https://s3-media0.fl.yelpcdn.com/bphoto/N6QnHkI1cVKud0zcKMAp5A/258s.jpg,200,https://s3-media0.fl.yelpcdn.com/bphoto/N6QnHkI1cVKud0zcKMAp5A/258s.jpg,image/jpeg,0,73,
151,Yoma Cafe,https://s3-media0.fl.yelpcdn.com/bphoto/hRU6s_AUA7bwr1a_1LJjvQ/o.jpg,200,https://s3-media0.fl.yelpcdn.com/bphoto/hRU6s_AUA7bwr1a_1LJjvQ/o.jpg,image/jpeg,0,70,
152,Friendly Cuts,https://s3-media0.fl.yelpcdn.com/bphoto/wF_XdCvEkH5Mgkx6B3a5Gg/l.jpg,200,https://s3-media0.fl.yelpcdn.com/bphoto/wF_XdCvEkH5Mgkx6B3a5Gg/l.jpg,image/jpeg,0,70,
153,Mai Ling Hair Design,https://s3-media0.fl.yelpcdn.com/bphoto/dFpwJ5EYYCyeH1qZHS4gLg/l.jpg,200,https://s3-media0.fl.yelpcdn.com/bphoto/dFpwJ5EYYCyeH1qZHS4gLg/l.jpg,image/jpeg,0,70,
156,Yummy Yummy,https://s3-media0.fl.yelpcdn.com/bphoto/9s_ptgPE874O1rjb3Zh-Eg/258s.jpg,200,https://s3-media0.fl.yelpcdn.com/bphoto/9s_ptgPE874O1rjb3Zh-Eg/258s.jpg,image/jpeg,0,65,
166,Banh Mi Crunch,https://s3-media0.fl.yelpcdn.com/bphoto/AwHH7acCT2ChYS4ZyVgjIw/l.jpg,200,https://s3-media0.fl.yelpcdn.com/bphoto/AwHH7acCT2ChYS4ZyVgjIw/l.jpg,image/jpeg,0,71,
167,Salon J,https://s3-media0.fl.yelpcdn.com/bphoto/AXvIGlWVDq4dPmtAJa_Rpw/o.jpg,200,https://s3-media0.fl.yelpcdn.com/bphoto/AXvIGlWVDq4dPmtAJa_Rpw/o.jpg,image/jpeg,0,79,
170,Lisa's Lash,https://s3-media0.fl.yelpcdn.com/projectphoto/G09iVCVmlS8Ifj8EPKeOcw/l.jpg,200,https://s3-media0.fl.yelpcdn.com/projectphoto/G09iVCVmlS8Ifj8EPKeOcw/l.jpg,image/png,0,65,
172,Hugo Street Launderette,https://s3-media0.fl.yelpcdn.com/bphoto/YBJmBkYal6HPTv5CIzrPXQ/o.jpg,200,https://s3-media0.fl.yelpcdn.com/bphoto/YBJmBkYal6HPTv5CIzrPXQ/o.jpg,image/jpeg,0,58,
174,Barrera's Cocina Mexicana,https://s3-media0.fl.yelpcdn.com/bphoto/2tQ1UMRmWHMtItv9zRkt_g/o.jpg,200,https://s3-media0.fl.yelpcdn.com/bphoto/2tQ1UMRmWHMtItv9zRkt_g/o.jpg,image/jpeg,0,58,
176,Four Seasons Nails & Tanning,https://s3-media0.fl.yelpcdn.com/bphoto/j73W7bQfgvYaMR8D_q9urw/348s.jpg,200,https://s3-media0.fl.yelpcdn.com/bphoto/j73W7bQfgvYaMR8D_q9urw/348s.jpg,image/jpeg,0,70,
186,Shanghai Dumpling King,https://s3-media0.fl.yelpcdn.com/bphoto/D2blkb3Sa0-NdgyZU1_11Q/o.jpg,200,https://s3-media0.fl.yelpcdn.com/bphoto/D2blkb3Sa0-NdgyZU1_11Q/o.jpg,image/jpeg,0,69,
189,Purple Rice,https://s3-media0.fl.yelpcdn.com/bphoto/6EHyoNVgUy26te2JBqGZDQ/l.jpg,200,https://s3-media0.fl.yelpcdn.com/bphoto/6EHyoNVgUy26te2JBqGZDQ/l.jpg,image/jpeg,0,79,
191,Nail Art iSF,https://s3-media0.fl.yelpcdn.com/bphoto/puoclZcZhKOPbBL73M7Nvw/l.jpg,200,https://s3-media0.fl.yelpcdn.com/bphoto/puoclZcZhKOPbBL73M7Nvw/l.jpg,image/jpeg,0,77,
192,Martuni's,https://s3-media0.fl.yelpcdn.com/bphoto/fMx2lbih009lzPFv_HNDYQ/258s.jpg,200,https://s3-media0.fl.yelpcdn.com/bphoto/fMx2lbih009lzPFv_HNDYQ/258s.jpg,image/jpeg,0,76,
193,Pete's Launderette & Cleaners,https://s3-media0.fl.yelpcdn.com/bphoto/z4FqMhhv6_afwDPqWubW2g/o.jpg,200,https://s3-media0.fl.yelpcdn.com/bphoto/z4FqMhhv6_afwDPqWubW2g/o.jpg,image/jpeg,0,59,
200,Hello Bahn Mi,https://s3-media0.fl.yelpcdn.com/bphoto/c3U7pbLRdmY5QngE5zrOlA/348s.jpg,200,https://s3-media0.fl.yelpcdn.com/bphoto/c3U7pbLRdmY5QngE5zrOlA/348s.jpg,image/jpeg,0,111,
203,The Sandwich Boss at EPC,https://s3-media0.fl.yelpcdn.com/bphoto/s9-9GwCZKs4fvbq9tfS9tQ/348s.jpg,200,https://s3-media0.fl.yelpcdn.com/bphoto/s9-9GwCZKs4fvbq9tfS9tQ/348s.jpg,image/jpeg,0,114,
204,Bahn Mi King,https://s3-media0.fl.yelpcdn.com/bphoto/NvVYgP0bn_eqN7Q2F1Tn-w/348s.jpg,200,https://s3-media0.fl.yelpcdn.com/bphoto/NvVYgP0bn_eqN7Q2F1Tn-w/348s.jpg,image/jpeg,0,106,
207,Il Canto Cafe,https://s3-media0.fl.yelpcdn.com/bphoto/Zp9bo4ki0nrXaLMtBrxqEg/348s.jpg,200,https://s3-media0.fl.yelpcdn.com/bphoto/Zp9bo4ki0nrXaLMtBrxqEg/348s.jpg,image/jpeg,0,113,
211,Yummy Bakery & Cafe,https://s3-media0.fl.yelpcdn.com/bphoto/CRbKE1YAZq0FlAOfV5MRfg/348s.jpg,200,https://s3-media0.fl.yelpcdn.com/bphoto/CRbKE1YAZq0FlAOfV5MRfg/348s.jpg,image/jpeg,0,94,
218,V & J Cafe,https://s3-media0.fl.yelpcdn.com/bphoto/Q7mYFcipvx0jS8pDfet_bw/o.jpg,200,https://s3-media0.fl.yelpcdn.com/bphoto/Q7mYFcipvx0jS8pDfet_bw/o.jpg,image/jpeg,0,92,
221,The AA Bakery & Cafe,https://s3-media0.fl.yelpcdn.com/bphoto/y-bmjD9vAmsjOON7cjTFvA/348s.jpg,200,https://s3-media0.fl.yelpcdn.com/bphoto/y-bmjD9vAmsjOON7cjTFvA/348s.jpg,image/jpeg,0,64,
222,Maggie McGarrys,https://s3-media0.fl.yelpcdn.com/bphoto/VKMXPdk7Z8e4T-XA-Wkh6g/l.jpg,200,https://s3-media0.fl.yelpcdn.com/bphoto/VKMXPdk7Z8e4T-XA-Wkh6g/l.jpg,image/jpeg,0,64,
226,Swiss Louis,https://s3-media4.fl.yelpcdn.com/bphoto/6h48nSI6f0bU7dC6WbT2Wg/o.jpg,200,https://s3-media4.fl.yelpcdn.com/bphoto/6h48nSI6f0bU7dC6WbT2Wg/o.jpg,image/jpeg,0,64,
238,A&A Hair Design,https://s3-media0.fl.yelpcdn.com/bphoto/gwzxXOQOje-q54XuW3YO9g/o.jpg,200,https://s3-media0.fl.yelpcdn.com/bphoto/gwzxXOQOje-q54XuW3YO9g/o.jpg,image/jpeg,0,106,
241,Lana Beauty Salon,https://s3-media0.fl.yelpcdn.com/bphoto/fu6jN7WT4qcEPWdWdOOFRg/l.jpg,200,https://s3-media0.fl.yelpcdn.com/bphoto/fu6jN7WT4qcEPWdWdOOFRg/l.jpg,image/jpeg,0,113,
245,Yan Yang Beauty Salon,https://s3-media0.fl.yelpcdn.com/bphoto/XOyDikjvMlOjLYd8TnbqGw/o.jpg,200,https://s3-media0.fl.yelpcdn.com/bphoto/XOyDikjvMlOjLYd8TnbqGw/o.jpg,image/jpeg,0,120,
246,Ha Tea,https://s3-media0.fl.yelpcdn.com/bphoto/d6FM7q3tCPXqObbiVj7yqA/l.jpg,200,https://s3-media0.fl.yelpcdn.com/bphoto/d6FM7q3tCPXqObbiVj7yqA/l.jpg,image/jpeg,0,109,
250,Lucky Creation,https://s3-media0.fl.yelpcdn.com/bphoto/NMk6XcHalkqPgoJtlui_Uw/258s.jpg,200,https://s3-media0.fl.yelpcdn.com/bphoto/NMk6XcHalkqPgoJtlui_Uw/258s.jpg,image/jpeg,0,106,
252,Golden Star Vietnamese Restaurant,https://s3-media0.fl.yelpcdn.com/bphoto/ThpiaqSZWMEKsQsEBjnQtg/258s.jpg,200,https://s3-media0.fl.yelpcdn.com/bphoto/ThpiaqSZWMEKsQsEBjnQtg/258s.jpg,image/jpeg,0,106,
254,Zhen Mei Hair Salon,https://s3-media0.fl.yelpcdn.com/bphoto/-irPLBV0dntjFQyOdUsIrQ/l.jpg,200,https://s3-media0.fl.yelpcdn.com/bphoto/-irPLBV0dntjFQyOdUsIrQ/l.jpg,image/jpeg,0,115,
260,Sutter Cafe,https://s3-media0.fl.yelpcdn.com/bphoto/f6sWOmpLh2bEC-2gc7b-UA/l.jpg,200,https://s3-media0.fl.yelpcdn.com/bphoto/f6sWOmpLh2bEC-2gc7b-UA/l.jpg,image/jpeg,0,102,
266,Caffè Bianco,https://s3-media0.fl.yelpcdn.com/bphoto/Hs9JvoE_4GwMEmlrVBtz5w/348s.jpg,200,https://s3-media0.fl.yelpcdn.com/bphoto/Hs9JvoE_4GwMEmlrVBtz5w/348s.jpg,image/jpeg,0,97,
267,Caramba,https://s3-media0.fl.yelpcdn.com/bphoto/mjkZHqv12C3rjuZkz-AEJw/l.jpg,200,https://s3-media0.fl.yelpcdn.com/bphoto/mjkZHqv12C3rjuZkz-AEJw/l.jpg,image/jpeg,0,97,
273,Ling Beauty Salon,https://s3-media0.fl.yelpcdn.com/bphoto/v2lv9lcppYV8vTNmJ8HpvQ/348s.jpg,200,https://s3-media0.fl.yelpcdn.com/bphoto/v2lv9lcppYV8vTNmJ8HpvQ/348s.jpg,image/jpeg,0,53,
274,Ling's Salon,https://s3-media0.fl.yelpcdn.com/bphoto/mNon2e2Q-T_W2FaphTGpQQ/o.jpg,200,https://s3-media0.fl.yelpcdn.com/bphoto/mNon2e2Q-T_W2FaphTGpQQ/o.jpg,image/jpeg,0,61,
278,Village Pizzeria,https://s3-media0.fl.yelpcdn.com/bphoto/54RtNBUd6JhuYOxVPo-DqA/o.jpg,200,https://s3-media0.fl.yelpcdn.com/bphoto/54RtNBUd6JhuYOxVPo-DqA/o.jpg,image/jpeg,0,112,
279,Wok Shop Cafe,https://s3-media0.fl.yelpcdn.com/bphoto/UrmOkdSVGRiHolRI8g6pcQ/258s.jpg,200,https://s3-media0.fl.yelpcdn.com/bphoto/UrmOkdSVGRiHolRI8g6pcQ/258s.jpg,image/jpeg,0,59,
280,Fingertips,https://s3-media0.fl.yelpcdn.com/bphoto/aZFuA1zW2aPOdEK4aA4esQ/348s.jpg,200,https://s3-media0.fl.yelpcdn.com/bphoto/aZFuA1zW2aPOdEK4aA4esQ/348s.jpg,image/jpeg,0,112,
281,Sam's Bakery,https://s3-media0.fl.yelpcdn.com/bphoto/ReCUUHmAL3KIkyOd_Y0Yuw/o.jpg,200,https://s3-media0.fl.yelpcdn.com/bphoto/ReCUUHmAL3KIkyOd_Y0Yuw/o.jpg,image/jpeg,0,61,
285,Larkin Restaurant,https://s3-media0.fl.yelpcdn.com/bphoto/Dsg3i8ygzer0IltI2brekg/l.jpg,200,https://s3-media0.fl.yelpcdn.com/bphoto/Dsg3i8ygzer0IltI2brekg/l.jpg,image/jpeg,0,63,
288,Mom Banh Mi,https://s3-media0.fl.yelpcdn.com/bphoto/Yq_gAjRMCDptmEewV_EBeg/o.jpg,200,https://s3-media0.fl.yelpcdn.com/bphoto/Yq_gAjRMCDptmEewV_EBeg/o.jpg,image/jpeg,0,68,
289,Cafecito,https://s3-media0.fl.yelpcdn.com/bphoto/i_YxUaQnxNApZnxbIsrcoA/l.jpg,200,https://s3-media0.fl.yelpcdn.com/bphoto/i_YxUaQnxNApZnxbIsrcoA/l.jpg,image/jpeg,0,69,
290,Pho Tan Hoa,https://s3-media0.fl.yelpcdn.com/bphoto/jgdkLUFkuRi8nI5z-mjv8Q/258s.jpg,200,https://s3-media0.fl.yelpcdn.com/bphoto/jgdkLUFkuRi8nI5z-mjv8Q/258s.jpg,image/jpeg,0,69,
298,Maru Sushi,https://s3-media0.fl.yelpcdn.com/bphoto/Tity7a9HzugzJZt3jqH6vQ/o.jpg,200,https://s3-media0.fl.yelpcdn.com/bphoto/Tity7a9HzugzJZt3jqH6vQ/o.jpg,image/jpeg,0,57,
299,Beanstalk Cafe,https://s3-media0.fl.yelpcdn.com/bphoto/XwwBzttPPykUl6lZN5lISA/348s.jpg,200,https://s3-media0.fl.yelpcdn.com/bphoto/XwwBzttPPykUl6lZN5lISA/348s.jpg,image/jpeg,0,58,
300,Fresh Brew Coffee,https://s3-media0.fl.yelpcdn.com/bphoto/gK4sKVOyrcahzT0cXCa63g/258s.jpg,200,https://s3-media0.fl.yelpcdn.com/bphoto/gK4sKVOyrcahzT0cXCa63g/258s.jpg,image/jpeg,0,74,
305,Cup of Joy,https://s3-media0.fl.yelpcdn.com/bphoto/AQmY_KV7x_VkmwAssGjWKA/348s.jpg,200,https://s3-media0.fl.yelpcdn.com/bphoto/AQmY_KV7x_VkmwAssGjWKA/348s.jpg,image/jpeg,0,65,
306,The Floral Designer,https://s3-media0.fl.yelpcdn.com/bphoto/7tWGdVGYmGGfF6V9Ovl3bw/o.jpg,200,https://s3-media0.fl.yelpcdn.com/bphoto/7tWGdVGYmGGfF6V9Ovl3bw/o.jpg,image/jpeg,0,71,
309,Lady Goldfingers,https://s3-media0.fl.yelpcdn.com/bphoto/JyG8QcLP5sk9ZZLzwKHktA/o.jpg,200,https://s3-media0.fl.yelpcdn.com/bphoto/JyG8QcLP5sk9ZZLzwKHktA/o.jpg,image/jpeg,0,65,
312,Zee Continental Jewelry,https://s3-media0.fl.yelpcdn.com/bphoto/INhh5Ofpi-UT4lxhn0nEXw/o.jpg,200,https://s3-media0.fl.yelpcdn.com/bphoto/INhh5Ofpi-UT4lxhn0nEXw/o.jpg,image/jpeg,0,66,
314,Cordon Bleu,https://s3-media0.fl.yelpcdn.com/bphoto/95y_Yyg38VWIDfOi_gdo7g/348s.jpg,200,https://s3-media0.fl.yelpcdn.com/bphoto/95y_Yyg38VWIDfOi_gdo7g/348s.jpg,image/jpeg,0,64,
315,Victor's Pizzeria & Restaurant,https://s3-media0.fl.yelpcdn.com/bphoto/6WtesjD0wmun8i1hN3g1Mw/348s.jpg,200,https://s3-media0.fl.yelpcdn.com/bphoto/6WtesjD0wmun8i1hN3g1Mw/348s.jpg,image/jpeg,0,62,
318,La Fina Estampa,https://s3-media0.fl.yelpcdn.com/bphoto/Mk1L4f4L7EV7n8Gm5BikAQ/l.jpg,200,https://s3-media0.fl.yelpcdn.com/bphoto/Mk1L4f4L7EV7n8Gm5BikAQ/l.jpg,image/jpeg,0,61,
320,Wayo,https://s3-media0.fl.yelpcdn.com/bphoto/wZ-wi3hUU9Qk_288c_Emew/258s.jpg,200,https://s3-media0.fl.yelpcdn.com/bphoto/wZ-wi3hUU9Qk_288c_Emew/258s.jpg,image/jpeg,0,60,
322,San Francisco Animal Medical Center,https://s3-media0.fl.yelpcdn.com/bphoto/500qt_BIADTv6uR1ua73BQ/l.jpg,200,https://s3-media0.fl.yelpcdn.com/bphoto/500qt_BIADTv6uR1ua73BQ/l.jpg,image/jpeg,0,63,
323,Elite Fine Jewelry,https://s3-media0.fl.yelpcdn.com/bphoto/FpSXIjJIv9too2srDmnhIg/l.jpg,200,https://s3-media0.fl.yelpcdn.com/bphoto/FpSXIjJIv9too2srDmnhIg/l.jpg,image/jpeg,0,56,
324,Trio Nails,https://s3-media0.fl.yelpcdn.com/bphoto/m6SNYgd9H09RxfkZQk4LPA/348s.jpg,200,https://s3-media0.fl.yelpcdn.com/bphoto/m6SNYgd9H09RxfkZQk4LPA/348s.jpg,image/jpeg,0,62,
327,Club Waziema,https://s3-media0.fl.yelpcdn.com/bphoto/p5FZFMZsf5sqIfb7rweVzw/l.jpg,200,https://s3-media0.fl.yelpcdn.com/bphoto/p5FZFMZsf5sqIfb7rweVzw/l.jpg,image/jpeg,0,69,
331,Geomantic Salon,https://s3-media0.fl.yelpcdn.com/bphoto/YTkEHvr30Pfm9zPL0q5y9g/o.jpg,200,https://s3-media0.fl.yelpcdn.com/bphoto/YTkEHvr30Pfm9zPL0q5y9g/o.jpg,image/jpeg,0,66,
337,Muguboka,https://s3-media0.fl.yelpcdn.com/bphoto/GII8bYKYQrP0GDMUqKmwAg/348s.jpg,200,https://s3-media0.fl.yelpcdn.com/bphoto/GII8bYKYQrP0GDMUqKmwAg/348s.jpg,image/jpeg,0,65,
339,Xiao Yu's Kitchen,https://s3-media0.fl.yelpcdn.com/bphoto/8GrHHzOsO5ST5p7Br8Ilmw/o.jpg,200,https://s3-media0.fl.yelpcdn.com/bphoto/8GrHHzOsO5ST5p7Br8Ilmw/o.jpg,image/jpeg,0,62,
340,The Richmond,https://s3-media0.fl.yelpcdn.com/bphoto/NOOjD63xICWfWxOiAvkaKw/180s.jpg,200,https://s3-media0.fl.yelpcdn.com/bphoto/NOOjD63xICWfWxOiAvkaKw/180s.jpg,image/jpeg,0,63,
341,Celandine Day Spa,https://s3-media0.fl.yelpcdn.com/bphoto/hM0hJshCQzWh0x8OYuTnjQ/o.jpg,200,https://s3-media0.fl.yelpcdn.com/bphoto/hM0hJshCQzWh0x8OYuTnjQ/o.jpg,image/jpeg,0,76,
342,Muu Kara Thai Charcoal BBQ,https://s3-media0.fl.yelpcdn.com/bphoto/3ZxE5UaDTUwZ2wCa8yQ-yg/180s.jpg,200,https://s3-media0.fl.yelpcdn.com/bphoto/3ZxE5UaDTUwZ2wCa8yQ-yg/180s.jpg,image/jpeg,0,78,
344,LH Restaurant,https://s3-media0.fl.yelpcdn.com/bphoto/kq1b97yTZhIxUiKFdS1vxA/348s.jpg,200,https://s3-media0.fl.yelpcdn.com/bphoto/kq1b97yTZhIxUiKFdS1vxA/348s.jpg,image/jpeg,0,80,
346,Wing Lee B.B.Q. Restaurant,https://s3-media0.fl.yelpcdn.com/bphoto/XbAhspuun3HkG2xxUOvw6w/l.jpg,200,https://s3-media0.fl.yelpcdn.com/bphoto/XbAhspuun3HkG2xxUOvw6w/l.jpg,image/jpeg,0,72,
349,Fame Hair Design,https://s3-media0.fl.yelpcdn.com/bphoto/j2WftOPObKR5N7WFWmXquQ/o.jpg,200,https://s3-media0.fl.yelpcdn.com/bphoto/j2WftOPObKR5N7WFWmXquQ/o.jpg,image/jpeg,0,68,
353,Moku Yakitori,https://s3-media0.fl.yelpcdn.com/bphoto/741PPl_1Sr9iXcmabYKTsQ/o.jpg,200,https://s3-media0.fl.yelpcdn.com/bphoto/741PPl_1Sr9iXcmabYKTsQ/o.jpg,image/jpeg,0,75,
355,May's Hair Design,https://s3-media0.fl.yelpcdn.com/bphoto/iTCYez1d0xEBZI4e5vZLTA/348s.jpg,200,https://s3-media0.fl.yelpcdn.com/bphoto/iTCYez1d0xEBZI4e5vZLTA/348s.jpg,image/jpeg,0,70,
363,Sagarmatha Kitchen,https://s3-media0.fl.yelpcdn.com/bphoto/X6XagnH819u_APHUoyZObA/348s.jpg,200,https://s3-media0.fl.yelpcdn.com/bphoto/X6XagnH819u_APHUoyZObA/348s.jpg,image/jpeg,0,65,
366,Buffalo Burgers,https://s3-media0.fl.yelpcdn.com/bphoto/VFPJ4rjN7pWO_2-3S9s46g/l.jpg,200,https://s3-media0.fl.yelpcdn.com/bphoto/VFPJ4rjN7pWO_2-3S9s46g/l.jpg,image/jpeg,0,63,
367,Fairy Lake Aquarium,https://s3-media0.fl.yelpcdn.com/bphoto/2SPWTw0YUvpOfOUHsjALvg/l.jpg,200,https://s3-media0.fl.yelpcdn.com/bphoto/2SPWTw0YUvpOfOUHsjALvg/l.jpg,image/jpeg,0,68,
369,George Jee Insurance Services,https://s3-media0.fl.yelpcdn.com/bphoto/wXnnfwAouBXlq_LTtf-Y9w/o.jpg,200,https://s3-media0.fl.yelpcdn.com/bphoto/wXnnfwAouBXlq_LTtf-Y9w/o.jpg,image/jpeg,0,62,
371,Aquatica Nails,https://s3-media0.fl.yelpcdn.com/bphoto/9l-ro5HrEQF_pT-fRkCXLQ/o.jpg,200,https://s3-media0.fl.yelpcdn.com/bphoto/9l-ro5HrEQF_pT-fRkCXLQ/o.jpg,image/jpeg,0,59,
372,Pho Huong Viet,https://s3-media0.fl.yelpcdn.com/bphoto/HszySsQM-Tr6ZhjlOSCUWw/258s.jpg,200,https://s3-media0.fl.yelpcdn.com/bphoto/HszySsQM-Tr6ZhjlOSCUWw/258s.jpg,image/jpeg,0,62,
379,Kayo Hair,https://s3-media0.fl.yelpcdn.com/bphoto/cI_Tv4bsbyWytyqwsNg9UA/o.jpg,200,https://s3-media0.fl.yelpcdn.com/bphoto/cI_Tv4bsbyWytyqwsNg9UA/o.jpg,image/jpeg,0,70,
380,Izakaya Mayumi,https://s3-media0.fl.yelpcdn.com/bphoto/SXCJ26bOhRJVf3LGOlB32Q/l.jpg,200,https://s3-media0.fl.yelpcdn.com/bphoto/SXCJ26bOhRJVf3LGOlB32Q/l.jpg,image/jpeg,0,74,
382,Chef Xiong Kitchen,https://s3-media0.fl.yelpcdn.com/bphoto/z6_MyRLyZ6TqkHmXmR-HUQ/o.jpg,200,https://s3-media0.fl.yelpcdn.com/bphoto/z6_MyRLyZ6TqkHmXmR-HUQ/o.jpg,image/jpeg,0,63,
390,Shanghai House,https://s3-media0.fl.yelpcdn.com/bphoto/2mUCYtPXfq9thMI9LQ-zQg/258s.jpg,200,https://s3-media0.fl.yelpcdn.com/bphoto/2mUCYtPXfq9thMI9LQ-zQg/258s.jpg,image/jpeg,0,63,
394,Fuwa Dumpling,https://s3-media0.fl.yelpcdn.com/bphoto/cIQxJ0dOTJ5hfWkfaCxNmA/348s.jpg,200,https://s3-media0.fl.yelpcdn.com/bphoto/cIQxJ0dOTJ5hfWkfaCxNmA/348s.jpg,image/jpeg,0,62,
396,Little Henry's,https://s3-media0.fl.yelpcdn.com/bphoto/MleapAirwncM224aaj3Jfg/o.jpg,200,https://s3-media0.fl.yelpcdn.com/bphoto/MleapAirwncM224aaj3Jfg/o.jpg,image/jpeg,0,63,
397,Superior Palace,https://s3-media0.fl.yelpcdn.com/bphoto/qZx7VTk_YBFRDg4Ebv5S9g/258s.jpg,200,https://s3-media0.fl.yelpcdn.com/bphoto/qZx7VTk_YBFRDg4Ebv5S9g/258s.jpg,image/jpeg,0,68,
398,Plato Hair Design,https://s3-media0.fl.yelpcdn.com/bphoto/Sdk0gJTuNKg2HVxz875Y2A/o.jpg,200,https://s3-media0.fl.yelpcdn.com/bphoto/Sdk0gJTuNKg2HVxz875Y2A/o.jpg,image/jpeg,0,68,
402,Taste of Fusion Kitchen,https://s3-media0.fl.yelpcdn.com/bphoto/owHNsqTUntGzVELHJbF7Qw/258s.jpg,200,https://s3-media0.fl.yelpcdn.com/bphoto/owHNsqTUntGzVELHJbF7Qw/258s.jpg,image/jpeg,0,67,
403,The Pot's,https://s3-media0.fl.yelpcdn.com/bphoto/Lebq1M4lcjQLBP77abfyqQ/348s.jpg,200,https://s3-media0.fl.yelpcdn.com/bphoto/Lebq1M4lcjQLBP77abfyqQ/348s.jpg,image/jpeg,0,63,
404,I D Hair Salon,https://s3-media0.fl.yelpcdn.com/bphoto/A2H5hQfb7bYd3kbv-TWwIA/l.jpg,200,https://s3-media0.fl.yelpcdn.com/bphoto/A2H5hQfb7bYd3kbv-TWwIA/l.jpg,image/jpeg,0,66,
405,The Clean Cycle Laundromat,https://s3-media0.fl.yelpcdn.com/bphoto/a4kMmvmqeSLbymPdvFiN5A/o.jpg,200,https://s3-media0.fl.yelpcdn.com/bphoto/a4kMmvmqeSLbymPdvFiN5A/o.jpg,image/jpeg,0,60,
406,J J Cosmetology Health Spa,https://s3-media0.fl.yelpcdn.com/bphoto/ABwKXE1YUBvjKLKLLR7cBw/o.jpg,200,https://s3-media0.fl.yelpcdn.com/bphoto/ABwKXE1YUBvjKLKLLR7cBw/o.jpg,image/jpeg,0,67,
411,Duke's Hardware,https://s3-media0.fl.yelpcdn.com/bphoto/bG4Ux5-8X53NRpe-eYv78g/l.jpg,200,https://s3-media0.fl.yelpcdn.com/bphoto/bG4Ux5-8X53NRpe-eYv78g/l.jpg,image/jpeg,0,63,
415,Parkside Day Spa,https://s3-media0.fl.yelpcdn.com/bphoto/OjKBTWdiz1gKyGB70om61A/l.jpg,200,https://s3-media0.fl.yelpcdn.com/bphoto/OjKBTWdiz1gKyGB70om61A/l.jpg,image/jpeg,0,63,
417,"Beverly Presley-Nelson, DDS General Dentistry",https://s3-media0.fl.yelpcdn.com/buphoto/cCpYavw4u6zcdMCSdjoNRw/258s.jpg,200,https://s3-media0.fl.yelpcdn.com/buphoto/cCpYavw4u6zcdMCSdjoNRw/258s.jpg,image/jpeg,0,68,
418,Taraval Okazu Ya,https://s3-media0.fl.yelpcdn.com/bphoto/qUiOg7QNwsG4W5wg8PBzig/300s.jpg,200,https://s3-media0.fl.yelpcdn.com/bphoto/qUiOg7QNwsG4W5wg8PBzig/300s.jpg,image/jpeg,0,73,
420,Flora Permanent Beauty Center,https://s3-media0.fl.yelpcdn.com/bphoto/2rY3jXmXzzyNNty2nhwA9A/o.jpg,200,https://s3-media0.fl.yelpcdn.com/bphoto/2rY3jXmXzzyNNty2nhwA9A/o.jpg,image/jpeg,0,72,
425,Banhwich,https://s3-media0.fl.yelpcdn.com/bphoto/9zTUvOeLGeWeA1JEeiMTOA/l.jpg,200,https://s3-media0.fl.yelpcdn.com/bphoto/9zTUvOeLGeWeA1JEeiMTOA/l.jpg,image/jpeg,0,59,
428,Riverside Seafood Restaurant,https://s3-media0.fl.yelpcdn.com/bphoto/JsNvY9X8CTQKKAwxCF6U4Q/o.jpg,200,https://s3-media0.fl.yelpcdn.com/bphoto/JsNvY9X8CTQKKAwxCF6U4Q/o.jpg,image/jpeg,0,68,
431,Coastside Barber Shop,https://s3-media0.fl.yelpcdn.com/bphoto/d80uRuCsy9Ey73lA9RcGPw/o.jpg,200,https://s3-media0.fl.yelpcdn.com/bphoto/d80uRuCsy9Ey73lA9RcGPw/o.jpg,image/jpeg,0,54,
436,Buona Italia Caffe,https://s3-media0.fl.yelpcdn.com/bphoto/HSQU_ymDnHdig_fMsY4SLw/348s.jpg,200,https://s3-media0.fl.yelpcdn.com/bphoto/HSQU_ymDnHdig_fMsY4SLw/348s.jpg,image/jpeg,0,57,
437,Loco Burger,https://s3-media0.fl.yelpcdn.com/bphoto/rj0gnZY8gdm6IUNpHKSkTQ/o.jpg,200,https://s3-media0.fl.yelpcdn.com/bphoto/rj0gnZY8gdm6IUNpHKSkTQ/o.jpg,image/jpeg,0,54,
439,Kitten & Pinky,https://s3-media0.fl.yelpcdn.com/bphoto/MwaSy_s6aQoKBRvaO1T4BA/l.jpg,200,https://s3-media0.fl.yelpcdn.com/bphoto/MwaSy_s6aQoKBRvaO1T4BA/l.jpg,image/jpeg,0,64,
440,The Tan Line,https://s3-media0.fl.yelpcdn.com/bphoto/lG03VnRXsJHsxWFfN5v_bw/o.jpg,200,https://s3-media0.fl.yelpcdn.com/bphoto/lG03VnRXsJHsxWFfN5v_bw/o.jpg,image/jpeg,0,62,
443,Chit Chat Cafe At the Pier,https://s3-media0.fl.yelpcdn.com/bphoto/Y7jNTYoPCLpCqDC6I2eOpQ/o.jpg,200,https://s3-media0.fl.yelpcdn.com/bphoto/Y7jNTYoPCLpCqDC6I2eOpQ/o.jpg,image/jpeg,0,61,
445,Asian King's Kitchen,https://s3-media0.fl.yelpcdn.com/bphoto/CzPGCJQjxuVX6Ds8Ra_iWg/348s.jpg,200,https://s3-media0.fl.yelpcdn.com/bphoto/CzPGCJQjxuVX6Ds8Ra_iWg/348s.jpg,image/jpeg,0,63,
447,Cafe Capistrano,https://s3-media4.fl.yelpcdn.com/bphoto/jciCAzue9_FNE_TcBjnwMA/o.jpg,200,https://s3-media4.fl.yelpcdn.com/bphoto/jciCAzue9_FNE_TcBjnwMA/o.jpg,image/jpeg,0,82,
449,Elegant Hair & Nail Salon,https://s3-media0.fl.yelpcdn.com/bphoto/IAMWk9VJ3ePQwFUX1wSqpw/l.jpg,200,https://s3-media0.fl.yelpcdn.com/bphoto/IAMWk9VJ3ePQwFUX1wSqpw/l.jpg,image/jpeg,0,65,
451,Estampas Peruanas,https://s3-media0.fl.yelpcdn.com/bphoto/twJZnFdf6PlYFFEQc-CXHw/258s.jpg,200,https://s3-media0.fl.yelpcdn.com/bphoto/twJZnFdf6PlYFFEQc-CXHw/258s.jpg,image/jpeg,0,70,
452,Fabulous Hair & Nails,https://s3-media0.fl.yelpcdn.com/bphoto/YcPz6cAp348JfbwznzS9pA/o.jpg,200,https://s3-media0.fl.yelpcdn.com/bphoto/YcPz6cAp348JfbwznzS9pA/o.jpg,image/jpeg,0,62,
456,Kemuri Japanese Barú,https://s3-media0.fl.yelpcdn.com/bphoto/stvp7LWs0aeeNJt200Qp_A/o.jpg,200,https://s3-media0.fl.yelpcdn.com/bphoto/stvp7LWs0aeeNJt200Qp_A/o.jpg,image/jpeg,0,67,
461,Happy Donuts,https://s3-media0.fl.yelpcdn.com/bphoto/P1G77kx1-HZp4vVAlDuRmQ/l.jpg,200,https://s3-media0.fl.yelpcdn.com/bphoto/P1G77kx1-HZp4vVAlDuRmQ/l.jpg,image/jpeg,0,63,
464,Lynn Auto Machine,https://s3-media0.fl.yelpcdn.com/bphoto/eNQzY27re8Ld8Gs-s1qejg/l.jpg,200,https://s3-media0.fl.yelpcdn.com/bphoto/eNQzY27re8Ld8Gs-s1qejg/l.jpg,image/jpeg,0,63,
465,Nails Trix Salon,https://s3-media0.fl.yelpcdn.com/bphoto/X64y7o-VJqyfN69FY4YOwA/o.jpg,200,https://s3-media0.fl.yelpcdn.com/bphoto/X64y7o-VJqyfN69FY4YOwA/o.jpg,image/jpeg,0,65,
467,Wash & Dry Coin Laundry,https://s3-media0.fl.yelpcdn.com/bphoto/3hrgABWeiKcwBu3Oqfnhow/o.jpg,200,https://s3-media0.fl.yelpcdn.com/bphoto/3hrgABWeiKcwBu3Oqfnhow/o.jpg,image/jpeg,0,65,
474,Family Wash and Fold,https://s3-media0.fl.yelpcdn.com/bphoto/RmEzQabhsAK13HBGGCytjg/348s.jpg,200,https://s3-media0.fl.yelpcdn.com/bphoto/RmEzQabhsAK13HBGGCytjg/348s.jpg,image/jpeg,0,56,
481,HK Smog,https://s3-media0.fl.yelpcdn.com/bphoto/iZrcseeoU0NJGAKfLob-KQ/o.jpg,200,https://s3-media0.fl.yelpcdn.com/bphoto/iZrcseeoU0NJGAKfLob-KQ/o.jpg,image/jpeg,0,64,
483,El Camino Auto Body,https://s3-media0.fl.yelpcdn.com/bphoto/_HcQV-VaDhjsHaYM8mhuMA/o.jpg,200,https://s3-media0.fl.yelpcdn.com/bphoto/_HcQV-VaDhjsHaYM8mhuMA/o.jpg,image/jpeg,0,60,
486,US Chinese Food,https://s3-media0.fl.yelpcdn.com/bphoto/OBEurUB2bkN7YMXlorOuRg/348s.jpg,200,https://s3-media0.fl.yelpcdn.com/bphoto/OBEurUB2bkN7YMXlorOuRg/348s.jpg,image/jpeg,0,67,
493,Villa Roma Cocktail Lounge,https://s3-media0.fl.yelpcdn.com/bphoto/6uwXaiEocwHiArDvkqyh6g/o.jpg,200,https://s3-media0.fl.yelpcdn.com/bphoto/6uwXaiEocwHiArDvkqyh6g/o.jpg,image/jpeg,0,67,
494,Diner Japonica,https://s3-media0.fl.yelpcdn.com/bphoto/3haU10lfiTz1a6KMWTD09g/258s.jpg,200,https://s3-media0.fl.yelpcdn.com/bphoto/3haU10lfiTz1a6KMWTD09g/258s.jpg,image/jpeg,0,69,
497,King's Court Barber Salon,https://s3-media0.fl.yelpcdn.com/bphoto/FU2UZOpvWxX0MhbCYA7ALQ/o.jpg,200,https://s3-media0.fl.yelpcdn.com/bphoto/FU2UZOpvWxX0MhbCYA7ALQ/o.jpg,image/jpeg,0,57,
511,Estraella Smog Check,https://s3-media0.fl.yelpcdn.com/bphoto/1WuO_Cun4jeNjykY3_t-Fw/o.jpg,200,https://s3-media0.fl.yelpcdn.com/bphoto/1WuO_Cun4jeNjykY3_t-Fw/o.jpg,image/jpeg,0,58,
523,Glamerous Looks Salon,https://s3-media0.fl.yelpcdn.com/bphoto/L0CbutcadqN1rxXL7jTEUA/o.jpg,200,https://s3-media0.fl.yelpcdn.com/bphoto/L0CbutcadqN1rxXL7jTEUA/o.jpg,image/jpeg,0,66,
529,Hometown Noodles,https://s3-media0.fl.yelpcdn.com/bphoto/QzZwsblK57WA2uiKLPtMbg/348s.jpg,200,https://s3-media0.fl.yelpcdn.com/bphoto/QzZwsblK57WA2uiKLPtMbg/348s.jpg,image/jpeg,0,58,
531,Amparo's Shoe Repair,https://s3-media0.fl.yelpcdn.com/bphoto/zzNE8KDmmCYA4pDP1BrLJA/o.jpg,200,https://s3-media0.fl.yelpcdn.com/bphoto/zzNE8KDmmCYA4pDP1BrLJA/o.jpg,image/jpeg,0,54,
533,Rocio Alvizar,https://s3-media0.fl.yelpcdn.com/bphoto/6pdfZuu-9eOTI3Wv0x74Tw/o.jpg,200,https://s3-media0.fl.yelpcdn.com/bphoto/6pdfZuu-9eOTI3Wv0x74Tw/o.jpg,image/jpeg,0,55,
540,J&J Hawaiian Barbeque,https://s3-media0.fl.yelpcdn.com/bphoto/gUCqAXwa4mFcfA1AZLWGaw/300s.jpg,200,https://s3-media0.fl.yelpcdn.com/bphoto/gUCqAXwa4mFcfA1AZLWGaw/300s.jpg,image/jpeg,0,68,
542,Mi Taqueria,https://s3-media0.fl.yelpcdn.com/bphoto/aQxmd6AlXqOBFzVg1ZqA6Q/o.jpg,200,https://s3-media0.fl.yelpcdn.com/bphoto/aQxmd6AlXqOBFzVg1ZqA6Q/o.jpg,image/jpeg,0,67,
551,Daigo,https://s3-media0.fl.yelpcdn.com/bphoto/4_jy8js5xdrcQKU6kqITgw/258s.jpg,200,https://s3-media0.fl.yelpcdn.com/bphoto/4_jy8js5xdrcQKU6kqITgw/258s.jpg,image/jpeg,0,70,
554,Salon 454,https://s3-media0.fl.yelpcdn.com/bphoto/RK090_ItBqelLVhZZnh5CQ/o.jpg,200,https://s3-media0.fl.yelpcdn.com/bphoto/RK090_ItBqelLVhZZnh5CQ/o.jpg,image/jpeg,0,68,
555,Wilmer Hale,https://s3-media0.fl.yelpcdn.com/bphoto/UQ0FT1ajm-Hrv-qkmDDOqg/o.jpg,200,https://s3-media0.fl.yelpcdn.com/bphoto/UQ0FT1ajm-Hrv-qkmDDOqg/o.jpg,image/jpeg,0,66,
557,Hong Kong Restaurant,https://s3-media0.fl.yelpcdn.com/bphoto/cWhSqsYiSzzjENiPxrgb3g/258s.jpg,200,https://s3-media0.fl.yelpcdn.com/bphoto/cWhSqsYiSzzjENiPxrgb3g/258s.jpg,image/jpeg,0,71,
559,Palo Alto Advanced Dentists,https://s3-media0.fl.yelpcdn.com/bphoto/terwCsUSy2_OFgPkk_lvog/l.jpg,200,https://s3-media0.fl.yelpcdn.com/bphoto/terwCsUSy2_OFgPkk_lvog/l.jpg,image/jpeg,0,61,
560,The Sea by Alexander's Steakhouse,https://s3-media0.fl.yelpcdn.com/bphoto/PM3o3w2VMTXoZy16wmSclw/348s.jpg,200,https://s3-media0.fl.yelpcdn.com/bphoto/PM3o3w2VMTXoZy16wmSclw/348s.jpg,image/jpeg,0,62,
563,Phở Vỉ Hoa,https://s3-media0.fl.yelpcdn.com/bphoto/mCIDjrvwVadqv3xdW5_YbA/348s.jpg,200,https://s3-media0.fl.yelpcdn.com/bphoto/mCIDjrvwVadqv3xdW5_YbA/348s.jpg,image/jpeg,0,66,
570,Royal Beauty Salon,https://s3-media0.fl.yelpcdn.com/bphoto/ug-iHZplTYSgxCGuBQh1tA/o.jpg,200,https://s3-media0.fl.yelpcdn.com/bphoto/ug-iHZplTYSgxCGuBQh1tA/o.jpg,image/jpeg,0,62,
571,Yardbird Equipment,https://s3-media0.fl.yelpcdn.com/bphoto/3DrTLJSfyCREwy02mNx8mA/o.jpg,200,https://s3-media0.fl.yelpcdn.com/bphoto/3DrTLJSfyCREwy02mNx8mA/o.jpg,image/jpeg,0,67,
580,Center Tailoring & Alterations,https://s3-media0.fl.yelpcdn.com/bphoto/i30JWH05GDQ54AlLQdFJHw/o.jpg,200,https://s3-media0.fl.yelpcdn.com/bphoto/i30JWH05GDQ54AlLQdFJHw/o.jpg,image/jpeg,0,66,
581,Hong Kong Bakery and Cafe,https://s3-media0.fl.yelpcdn.com/bphoto/wb1FJQKUkeprMP3udmVMqQ/348s.jpg,200,https://s3-media0.fl.yelpcdn.com/bphoto/wb1FJQKUkeprMP3udmVMqQ/348s.jpg,image/jpeg,0,63,
582,Imagine Hair Salon,https://s3-media0.fl.yelpcdn.com/bphoto/b4TXpgtoK_qlVFaWuS6D5w/l.jpg,200,https://s3-media0.fl.yelpcdn.com/bphoto/b4TXpgtoK_qlVFaWuS6D5w/l.jpg,image/jpeg,0,60,
586,Roger's DELI & DONUTS,https://s3-media0.fl.yelpcdn.com/bphoto/iWk55WTASEM0T76zu25HHA/348s.jpg,200,https://s3-media0.fl.yelpcdn.com/bphoto/iWk55WTASEM0T76zu25HHA/348s.jpg,image/jpeg,0,77,
587,Alpha Barbershop,https://s3-media0.fl.yelpcdn.com/bphoto/MVM81H8HSBo_Xyc2vfgALA/348s.jpg,200,https://s3-media0.fl.yelpcdn.com/bphoto/MVM81H8HSBo_Xyc2vfgALA/348s.jpg,image/jpeg,0,71,
588,Bagel Street Cafe,https://s3-media0.fl.yelpcdn.com/bphoto/-sspFA7ppMi8wyYdPU7NXA/258s.jpg,200,https://s3-media0.fl.yelpcdn.com/bphoto/-sspFA7ppMi8wyYdPU7NXA/258s.jpg,image/jpeg,0,72,
591,Hunan Mifen Chinese Rice Noodles,https://s3-media0.fl.yelpcdn.com/bphoto/voKFoGGBCfr77cOleF2oqA/348s.jpg,200,https://s3-media0.fl.yelpcdn.com/bphoto/voKFoGGBCfr77cOleF2oqA/348s.jpg,image/jpeg,0,63,
592,Hi Nail Salon & Eyelash,https://s3-media0.fl.yelpcdn.com/bphoto/Yv2sUg_aXdSMLOh5fLg3Ow/o.jpg,200,https://s3-media0.fl.yelpcdn.com/bphoto/Yv2sUg_aXdSMLOh5fLg3Ow/o.jpg,image/jpeg,0,73,
596,Easterly Hunan Cuisine,https://s3-media0.fl.yelpcdn.com/bphoto/AmjIHfPyK9xFgx8sMfokeQ/348s.jpg,200,https://s3-media0.fl.yelpcdn.com/bphoto/AmjIHfPyK9xFgx8sMfokeQ/348s.jpg,image/jpeg,0,84,
597,Mina's Korean BBQ,https://s3-media0.fl.yelpcdn.com/bphoto/5JL-gXudobP2a7dJGRiHFA/258s.jpg,200,https://s3-media0.fl.yelpcdn.com/bphoto/5JL-gXudobP2a7dJGRiHFA/258s.jpg,image/jpeg,0,57,
599,Balentine Beauty Salon,https://s3-media0.fl.yelpcdn.com/bphoto/oLgGY4Rlyc9cbQ9KwLFQwg/348s.jpg,200,https://s3-media0.fl.yelpcdn.com/bphoto/oLgGY4Rlyc9cbQ9KwLFQwg/348s.jpg,image/jpeg,0,58,
603,Chopsticks Pho & Grill,https://s3-media0.fl.yelpcdn.com/bphoto/MXyltOojW6OHXsVKbPQXxQ/348s.jpg,200,https://s3-media0.fl.yelpcdn.com/bphoto/MXyltOojW6OHXsVKbPQXxQ/348s.jpg,image/jpeg,0,63,
604,Los Gallos Taqueria,https://s3-media0.fl.yelpcdn.com/bphoto/ycXHbIu0UV8cRyqlxxSJYw/258s.jpg,200,https://s3-media0.fl.yelpcdn.com/bphoto/ycXHbIu0UV8cRyqlxxSJYw/258s.jpg,image/jpeg,0,69,
605,Delicious Donuts,https://s3-media0.fl.yelpcdn.com/bphoto/BPYJ9QnEHHnc9DBPobQpew/258s.jpg,200,https://s3-media0.fl.yelpcdn.com/bphoto/BPYJ9QnEHHnc9DBPobQpew/258s.jpg,image/jpeg,0,56,
610,Bar Bay Grill,https://s3-media0.fl.yelpcdn.com/bphoto/X5LWejzcB3-lCkyNpEWVfg/348s.jpg,200,https://s3-media0.fl.yelpcdn.com/bphoto/X5LWejzcB3-lCkyNpEWVfg/348s.jpg,image/jpeg,0,58,
614,Imagine Hair Beauty Salon,https://s3-media0.fl.yelpcdn.com/bphoto/LgdVnAlmSo2PdPlD759LAg/o.jpg,200,https://s3-media0.fl.yelpcdn.com/bphoto/LgdVnAlmSo2PdPlD759LAg/o.jpg,image/jpeg,0,61,
616,Pinky's Nails and Spa,https://s3-media0.fl.yelpcdn.com/bphoto/2RSuxlIqjb6GC5j57XPX9A/o.jpg,200,https://s3-media0.fl.yelpcdn.com/bphoto/2RSuxlIqjb6GC5j57XPX9A/o.jpg,image/jpeg,0,63,
619,Cấm Hương Sandwiches,https://s3-media0.fl.yelpcdn.com/bphoto/L1p4geSEAPahIVV2vLtnvg/l.jpg,200,https://s3-media0.fl.yelpcdn.com/bphoto/L1p4geSEAPahIVV2vLtnvg/l.jpg,image/jpeg,0,61,
623,Phở Pasteur,https://s3-media0.fl.yelpcdn.com/bphoto/VR5ZjV3Nk4TrY8U4CJBOOw/o.jpg,200,https://s3-media0.fl.yelpcdn.com/bphoto/VR5ZjV3Nk4TrY8U4CJBOOw/o.jpg,image/jpeg,0,62,
624,Raja Sweets & Indian Cuisine,https://s3-media0.fl.yelpcdn.com/bphoto/TJCojOVCJ9Ln87CKpMkNxw/l.jpg,200,https://s3-media0.fl.yelpcdn.com/bphoto/TJCojOVCJ9Ln87CKpMkNxw/l.jpg,image/jpeg,0,64,
626,Zeny's Hair Salon,https://s3-media0.fl.yelpcdn.com/bphoto/2UVeEab6QNzakeL4kgfg_A/o.jpg,200,https://s3-media0.fl.yelpcdn.com/bphoto/2UVeEab6QNzakeL4kgfg_A/o.jpg,image/jpeg,0,59,
627,Macs By Icky,https://s3-media0.fl.yelpcdn.com/bphoto/XIauONMZP0M_YnaFuFT0Sg/348s.jpg,200,https://s3-media0.fl.yelpcdn.com/bphoto/XIauONMZP0M_YnaFuFT0Sg/348s.jpg,image/jpeg,0,65,
629,Ocean Bar,https://s3-media0.fl.yelpcdn.com/bphoto/Njkir2jgZ90AOTm4HJtoGw/o.jpg,200,https://s3-media0.fl.yelpcdn.com/bphoto/Njkir2jgZ90AOTm4HJtoGw/o.jpg,image/jpeg,0,64,
630,Gerry's Grill and Bar,https://s3-media0.fl.yelpcdn.com/bphoto/TaTws9czJ94cHIqUuLpSmQ/258s.jpg,200,https://s3-media0.fl.yelpcdn.com/bphoto/TaTws9czJ94cHIqUuLpSmQ/258s.jpg,image/jpeg,0,61,
633,pho ty II,https://s3-media0.fl.yelpcdn.com/bphoto/E84wN7p7AFGvlFkMsCAF3A/o.jpg,200,https://s3-media0.fl.yelpcdn.com/bphoto/E84wN7p7AFGvlFkMsCAF3A/o.jpg,image/jpeg,0,61,
639,Beijing Bowl,https://s3-media0.fl.yelpcdn.com/bphoto/NFAgk9gFLVXGLgH80ZGNTA/348s.jpg,200,https://s3-media0.fl.yelpcdn.com/bphoto/NFAgk9gFLVXGLgH80ZGNTA/348s.jpg,image/jpeg,0,66,
640,Ming's Donuts,https://s3-media0.fl.yelpcdn.com/bphoto/IiYlzZwfKbAzuOufZ4TWdA/348s.jpg,200,https://s3-media0.fl.yelpcdn.com/bphoto/IiYlzZwfKbAzuOufZ4TWdA/348s.jpg,image/jpeg,0,57,
641,Tiptop Hair & Nails,https://s3-media0.fl.yelpcdn.com/bphoto/3zBZcjBmQIVeFOpmPMMzxA/o.jpg,200,https://s3-media0.fl.yelpcdn.com/bphoto/3zBZcjBmQIVeFOpmPMMzxA/o.jpg,image/jpeg,0,59,
643,Z Nail Spa,https://s3-media0.fl.yelpcdn.com/bphoto/Y2eL7D6UVTfWETGd2NchRw/o.jpg,200,https://s3-media0.fl.yelpcdn.com/bphoto/Y2eL7D6UVTfWETGd2NchRw/o.jpg,image/jpeg,0,58,
644,Stylist Hair Salon,https://s3-media0.fl.yelpcdn.com/bphoto/Q14SRUsUj1JO8_fljZbtCg/l.jpg,200,https://s3-media0.fl.yelpcdn.com/bphoto/Q14SRUsUj1JO8_fljZbtCg/l.jpg,image/jpeg,0,55,
649,Just Kids Pediatric Dentistry & Orthodontics - San Leandro,https://s3-media0.fl.yelpcdn.com/bphoto/kfqAm1HJ1N_UbmiLhUwpYA/l.jpg,200,https://s3-media0.fl.yelpcdn.com/bphoto/kfqAm1HJ1N_UbmiLhUwpYA/l.jpg,image/jpeg,0,65,
650,Old Weang Ping Village,https://s3-media0.fl.yelpcdn.com/bphoto/sCKC8l40OyALRt5MBZc1zw/348s.jpg,200,https://s3-media0.fl.yelpcdn.com/bphoto/sCKC8l40OyALRt5MBZc1zw/348s.jpg,image/jpeg,0,52,
651,CocoBreeze,https://s3-media0.fl.yelpcdn.com/bphoto/7eY5OJP5syHowQIstOmurw/o.jpg,200,https://s3-media0.fl.yelpcdn.com/bphoto/7eY5OJP5syHowQIstOmurw/o.jpg,image/jpeg,0,56,
657,Fruitvale Collision Center,https://s3-media0.fl.yelpcdn.com/bphoto/zrtLNHOjax-SvTAESxu6kg/l.jpg,200,https://s3-media0.fl.yelpcdn.com/bphoto/zrtLNHOjax-SvTAESxu6kg/l.jpg,image/jpeg,0,60,
659,Pasteleria La Favorita,https://s3-media0.fl.yelpcdn.com/bphoto/qdWkAyO5a1DuMH59PRXF3Q/348s.jpg,200,https://s3-media0.fl.yelpcdn.com/bphoto/qdWkAyO5a1DuMH59PRXF3Q/348s.jpg,image/jpeg,0,60,
664,BB Bowl,https://s3-media0.fl.yelpcdn.com/bphoto/8_t1RJf_RjFvxFSU0xBT3w/348s.jpg,200,https://s3-media0.fl.yelpcdn.com/bphoto/8_t1RJf_RjFvxFSU0xBT3w/348s.jpg,image/jpeg,0,57,
666,Best Alteration,https://s3-media0.fl.yelpcdn.com/bphoto/LviiyO4pv0zJs04QQD9stg/o.jpg,200,https://s3-media0.fl.yelpcdn.com/bphoto/LviiyO4pv0zJs04QQD9stg/o.jpg,image/jpeg,0,61,
668,Ohgane Alameda x Vons Chicken,https://s3-media0.fl.yelpcdn.com/bphoto/L9uvcQz5Q-bG82fn5zHi1g/258s.jpg,200,https://s3-media0.fl.yelpcdn.com/bphoto/L9uvcQz5Q-bG82fn5zHi1g/258s.jpg,image/jpeg,0,59,
669,Hi Tech Nails,https://s3-media0.fl.yelpcdn.com/bphoto/ue8EpWj6_KiRBb20BYZt5w/348s.jpg,200,https://s3-media0.fl.yelpcdn.com/bphoto/ue8EpWj6_KiRBb20BYZt5w/348s.jpg,image/jpeg,0,59,
676,Gum Kuo,https://s3-media0.fl.yelpcdn.com/bphoto/DDc5MSmhC1GEndzOy2tGrA/300s.jpg,200,https://s3-media0.fl.yelpcdn.com/bphoto/DDc5MSmhC1GEndzOy2tGrA/300s.jpg,image/jpeg,0,59,
682,Temescal Wash & Dry,https://s3-media0.fl.yelpcdn.com/bphoto/pYajtVyTX-bUwoOks3NhXg/l.jpg,200,https://s3-media0.fl.yelpcdn.com/bphoto/pYajtVyTX-bUwoOks3NhXg/l.jpg,image/jpeg,0,65,
687,Eat @ Thai,https://s3-media0.fl.yelpcdn.com/bphoto/6FhvPQ4r36SnmHBPLAJk8A/o.jpg,200,https://s3-media0.fl.yelpcdn.com/bphoto/6FhvPQ4r36SnmHBPLAJk8A/o.jpg,image/jpeg,0,60,
692,Paul's Shoe Repair,https://s3-media0.fl.yelpcdn.com/bphoto/KxFncRgeELjVAq2fsKvzbg/l.jpg,200,https://s3-media0.fl.yelpcdn.com/bphoto/KxFncRgeELjVAq2fsKvzbg/l.jpg,image/jpeg,0,68,
694,Royal Ground Coffee,https://s3-media0.fl.yelpcdn.com/bphoto/48iY4wB4TyXB3yUPqCTwFA/l.jpg,200,https://s3-media0.fl.yelpcdn.com/bphoto/48iY4wB4TyXB3yUPqCTwFA/l.jpg,image/jpeg,0,67,
696,European Tailor,https://s3-media0.fl.yelpcdn.com/bphoto/TbssICzU41VJPAP2IcV2mw/o.jpg,200,https://s3-media0.fl.yelpcdn.com/bphoto/TbssICzU41VJPAP2IcV2mw/o.jpg,image/jpeg,0,59,
697,Ashby Nails,https://s3-media0.fl.yelpcdn.com/bphoto/UM0kl72AKTySeyzrqGmCBw/o.jpg,200,https://s3-media0.fl.yelpcdn.com/bphoto/UM0kl72AKTySeyzrqGmCBw/o.jpg,image/jpeg,0,65,
698,Frank's Tailoring,https://s3-media0.fl.yelpcdn.com/bphoto/RwVImgSHDbdFmUyRNclfCw/o.jpg,200,https://s3-media0.fl.yelpcdn.com/bphoto/RwVImgSHDbdFmUyRNclfCw/o.jpg,image/jpeg,0,63,
702,Young's Automotive,https://s3-media0.fl.yelpcdn.com/bphoto/ymO0gnHN9bn5aMoiSqANsA/348s.jpg,200,https://s3-media0.fl.yelpcdn.com/bphoto/ymO0gnHN9bn5aMoiSqANsA/348s.jpg,image/jpeg,0,64,
704,Taqueria el Cruzero,https://s3-media0.fl.yelpcdn.com/bphoto/N1SgbNUMVeQZTiTZVA75xA/348s.jpg,200,https://s3-media0.fl.yelpcdn.com/bphoto/N1SgbNUMVeQZTiTZVA75xA/348s.jpg,image/jpeg,0,60,
715,Corwood Car Wash,https://s3-media0.fl.yelpcdn.com/bphoto/87bVImKgVfrjUsQsgXD0pg/o.jpg,200,https://s3-media0.fl.yelpcdn.com/bphoto/87bVImKgVfrjUsQsgXD0pg/o.jpg,image/jpeg,0,55,
721,Mad for Sushi,https://s3-media0.fl.yelpcdn.com/bphoto/WFzhrlvTuUvTVK58iew1XQ/o.jpg,200,https://s3-media0.fl.yelpcdn.com/bphoto/WFzhrlvTuUvTVK58iew1XQ/o.jpg,image/jpeg,0,62,
725,Athens Burgers,https://s3-media0.fl.yelpcdn.com/bphoto/c6vdKJIN6JWKu4npSiUwIg/348s.jpg,200,https://s3-media0.fl.yelpcdn.com/bphoto/c6vdKJIN6JWKu4npSiUwIg/348s.jpg,image/jpeg,0,60,
729,The Jelly Donut,https://s3-media0.fl.yelpcdn.com/bphoto/_bak-X_qAsnduTeHHGnedw/348s.jpg,200,https://s3-media0.fl.yelpcdn.com/bphoto/_bak-X_qAsnduTeHHGnedw/348s.jpg,image/jpeg,0,59,
738,Jim's Country Style Restaurant,https://s3-media0.fl.yelpcdn.com/bphoto/D4ePiDLLUKbJvD-iW1tUHw/258s.jpg,200,https://s3-media0.fl.yelpcdn.com/bphoto/D4ePiDLLUKbJvD-iW1tUHw/258s.jpg,image/jpeg,0,57,
741,Stela's Hair Salon,https://s3-media0.fl.yelpcdn.com/bphoto/LbJhDOlA127jGO-qhIChOQ/o.jpg,200,https://s3-media0.fl.yelpcdn.com/bphoto/LbJhDOlA127jGO-qhIChOQ/o.jpg,image/jpeg,0,67,
744,Doan's Hair & Spa,https://s3-media0.fl.yelpcdn.com/bphoto/aO7scjUeS3lijnB2lnNgZg/l.jpg,200,https://s3-media0.fl.yelpcdn.com/bphoto/aO7scjUeS3lijnB2lnNgZg/l.jpg,image/jpeg,0,61,
746,Top Hair Cut & Salon,https://s3-media0.fl.yelpcdn.com/bphoto/07hgadD9fgvy4NVx4dlOKA/o.jpg,200,https://s3-media0.fl.yelpcdn.com/bphoto/07hgadD9fgvy4NVx4dlOKA/o.jpg,image/jpeg,0,61,
752,CT Nails & Spa,https://s3-media0.fl.yelpcdn.com/bphoto/UpRWmGV1jBh3CBHysvYxJA/348s.jpg,200,https://s3-media0.fl.yelpcdn.com/bphoto/UpRWmGV1jBh3CBHysvYxJA/348s.jpg,image/jpeg,0,64,
758,Sean's Barber Shop,https://s3-media0.fl.yelpcdn.com/bphoto/Y590lVGCejtqhe6hBdijfA/348s.jpg,200,https://s3-media0.fl.yelpcdn.com/bphoto/Y590lVGCejtqhe6hBdijfA/348s.jpg,image/jpeg,0,59,
759,Little Taipei Café,https://s3-media0.fl.yelpcdn.com/bphoto/ZDaJzMTjqGd6KPOv53jVZQ/348s.jpg,200,https://s3-media0.fl.yelpcdn.com/bphoto/ZDaJzMTjqGd6KPOv53jVZQ/348s.jpg,image/jpeg,0,59,
763,Shing's Hair Studio,https://s3-media0.fl.yelpcdn.com/bphoto/LeVDHZKCZvicGLiENHKNjw/348s.jpg,200,https://s3-media0.fl.yelpcdn.com/bphoto/LeVDHZKCZvicGLiENHKNjw/348s.jpg,image/jpeg,0,61,
764,Gao's Kabob & Crab,https://s3-media0.fl.yelpcdn.com/bphoto/VuJUuEwY-zcp4iJMNJMWTg/348s.jpg,200,https://s3-media0.fl.yelpcdn.com/bphoto/VuJUuEwY-zcp4iJMNJMWTg/348s.jpg,image/jpeg,0,58,
765,Chick & Tea,https://s3-media0.fl.yelpcdn.com/bphoto/GdVxsbY89hjTXKKFs9PFXg/348s.jpg,200,https://s3-media0.fl.yelpcdn.com/bphoto/GdVxsbY89hjTXKKFs9PFXg/348s.jpg,image/jpeg,0,64,
766,Bliss Beauty & Spa,https://s3-media0.fl.yelpcdn.com/bphoto/iwspue_xdvVImDFSGxB4rg/300s.jpg,200,https://s3-media0.fl.yelpcdn.com/bphoto/iwspue_xdvVImDFSGxB4rg/300s.jpg,image/jpeg,0,55,
768,Loved And Lashed,https://images.fresha.com/locations/location-profile-images/478950/4138623/67949bf2-5c81-454c-bafe-8b0c895531dd.jpg?class=fallback,200,https://images.fresha.com/locations/location-profile-images/478950/4138623/67949bf2-5c81-454c-bafe-8b0c895531dd.jpg?class=fallback,image/jpeg,0,57,
771,The Pizza Box,https://s3-media0.fl.yelpcdn.com/bphoto/c0kUCb48KXx5r3jVZXnYOQ/348s.jpg,200,https://s3-media0.fl.yelpcdn.com/bphoto/c0kUCb48KXx5r3jVZXnYOQ/348s.jpg,image/jpeg,0,54,
775,Christy's Donuts,https://s3-media0.fl.yelpcdn.com/bphoto/Sq3D079GQwzpc3ScdvjYuA/348s.jpg,200,https://s3-media0.fl.yelpcdn.com/bphoto/Sq3D079GQwzpc3ScdvjYuA/348s.jpg,image/jpeg,0,60,
777,BBH Noodle,https://s3-media0.fl.yelpcdn.com/bphoto/v71DM4iT5lV2LFrcOuUuXg/258s.jpg,200,https://s3-media0.fl.yelpcdn.com/bphoto/v71DM4iT5lV2LFrcOuUuXg/258s.jpg,image/jpeg,0,64,
778,Calaveras Family Dentistry,https://s3-media0.fl.yelpcdn.com/bphoto/uTMWVsl2CB_cmF_oOhebVw/l.jpg,200,https://s3-media0.fl.yelpcdn.com/bphoto/uTMWVsl2CB_cmF_oOhebVw/l.jpg,image/jpeg,0,58,
782,Modern Image,https://s3-media0.fl.yelpcdn.com/bphoto/nPEPmsayLs5PjUt-1CYbug/o.jpg,200,https://s3-media0.fl.yelpcdn.com/bphoto/nPEPmsayLs5PjUt-1CYbug/o.jpg,image/jpeg,0,62,
784,Luu New Tung Kee Noodle,https://s3-media0.fl.yelpcdn.com/bphoto/sT6tD4Qyi02kBlQ3__WauA/348s.jpg,200,https://s3-media0.fl.yelpcdn.com/bphoto/sT6tD4Qyi02kBlQ3__WauA/348s.jpg,image/jpeg,0,62,
787,Donut Basket,https://s3-media0.fl.yelpcdn.com/bphoto/6LO8H5H9gn4Gtlfza5qWag/o.jpg,200,https://s3-media0.fl.yelpcdn.com/bphoto/6LO8H5H9gn4Gtlfza5qWag/o.jpg,image/jpeg,0,67,
788,Sen Dai Sushi,https://s3-media0.fl.yelpcdn.com/bphoto/qdUUBODxv-GkPRy7bJ0n9A/258s.jpg,200,https://s3-media0.fl.yelpcdn.com/bphoto/qdUUBODxv-GkPRy7bJ0n9A/258s.jpg,image/jpeg,0,61,
789,Taste Good Beijing Duck,https://s3-media0.fl.yelpcdn.com/bphoto/A9V584eLmIoNiisQvXneCA/348s.jpg,200,https://s3-media0.fl.yelpcdn.com/bphoto/A9V584eLmIoNiisQvXneCA/348s.jpg,image/jpeg,0,67,
792,Serra Barber Shop,https://s3-media0.fl.yelpcdn.com/bphoto/RqlNDjCXvsAN3praycNjfg/o.jpg,200,https://s3-media0.fl.yelpcdn.com/bphoto/RqlNDjCXvsAN3praycNjfg/o.jpg,image/jpeg,0,67,
795,Angel Nails Spa,https://s3-media0.fl.yelpcdn.com/bphoto/oAWQOicc58xpKvzYVNtymA/o.jpg,200,https://s3-media0.fl.yelpcdn.com/bphoto/oAWQOicc58xpKvzYVNtymA/o.jpg,image/jpeg,0,61,
797,Jiuding Flavor Restaurant,https://s3-media0.fl.yelpcdn.com/bphoto/qqcQ05aWopPSE_jiY5pGfA/o.jpg,200,https://s3-media0.fl.yelpcdn.com/bphoto/qqcQ05aWopPSE_jiY5pGfA/o.jpg,image/jpeg,0,54,
803,Wilson Motorsports AutoRepair Inc.,https://s3-media0.fl.yelpcdn.com/bphoto/h3cfX4FqLVO2oM3gJ7L6AA/o.jpg,200,https://s3-media0.fl.yelpcdn.com/bphoto/h3cfX4FqLVO2oM3gJ7L6AA/o.jpg,image/jpeg,0,63,
804,Kenneth Hua Dentistry,https://s3-media0.fl.yelpcdn.com/bphoto/NcHFDnHaCd-BD0Q54Ob-aw/o.jpg,200,https://s3-media0.fl.yelpcdn.com/bphoto/NcHFDnHaCd-BD0Q54Ob-aw/o.jpg,image/jpeg,0,80,
807,Goldie's Muffler & Brake,https://s3-media0.fl.yelpcdn.com/bphoto/olHS8X86wBoHrMrkC7t9Sw/348s.jpg,200,https://s3-media0.fl.yelpcdn.com/bphoto/olHS8X86wBoHrMrkC7t9Sw/348s.jpg,image/jpeg,0,79,
812,Nu-Way Tool Supply,https://s3-media0.fl.yelpcdn.com/bphoto/npiEShdR-KciGUX_e8Jolw/o.jpg,200,https://s3-media0.fl.yelpcdn.com/bphoto/npiEShdR-KciGUX_e8Jolw/o.jpg,image/jpeg,0,80,
813,Jeff's Garage,https://s3-media0.fl.yelpcdn.com/bphoto/58s-LSAO815Ra_H0NAsPbQ/l.jpg,200,https://s3-media0.fl.yelpcdn.com/bphoto/58s-LSAO815Ra_H0NAsPbQ/l.jpg,image/jpeg,0,80,
814,Santa Clara Tint Wrap & Carpet Coloring,https://s3-media0.fl.yelpcdn.com/bphoto/ZxzCMw0ZIu9T4SH8NGF20g/o.jpg,200,https://s3-media0.fl.yelpcdn.com/bphoto/ZxzCMw0ZIu9T4SH8NGF20g/o.jpg,image/jpeg,0,77,
820,Paredes Auto Works,https://s3-media0.fl.yelpcdn.com/bphoto/SJqYeMeHqIeSNN4WCeuAig/o.jpg,200,https://s3-media0.fl.yelpcdn.com/bphoto/SJqYeMeHqIeSNN4WCeuAig/o.jpg,image/jpeg,0,78,
824,Jang Tu,https://s3-media0.fl.yelpcdn.com/bphoto/R4z7BgUFyxP6QixR7a51PQ/348s.jpg,200,https://s3-media0.fl.yelpcdn.com/bphoto/R4z7BgUFyxP6QixR7a51PQ/348s.jpg,image/jpeg,0,79,
826,Rajjot Sweets and Snacks,https://s3-media0.fl.yelpcdn.com/bphoto/CpdaeB23EA2RVYASTAVvKA/l.jpg,200,https://s3-media0.fl.yelpcdn.com/bphoto/CpdaeB23EA2RVYASTAVvKA/l.jpg,image/jpeg,0,73,
828,Classic Homestead Barber,https://s3-media0.fl.yelpcdn.com/bphoto/2qEwK8_vs85wY2msA6CWWw/o.jpg,200,https://s3-media0.fl.yelpcdn.com/bphoto/2qEwK8_vs85wY2msA6CWWw/o.jpg,image/jpeg,0,78,
829,Korean Spring,https://s3-media0.fl.yelpcdn.com/bphoto/Sp_ae24g1bQrNWe1Ku_XdQ/348s.jpg,200,https://s3-media0.fl.yelpcdn.com/bphoto/Sp_ae24g1bQrNWe1Ku_XdQ/348s.jpg,image/jpeg,0,77,
837,Kokodek Korean Fried Chicken,https://s3-media0.fl.yelpcdn.com/bphoto/hMVItbrTZSKAZUqP0G0zAA/348s.jpg,200,https://s3-media0.fl.yelpcdn.com/bphoto/hMVItbrTZSKAZUqP0G0zAA/348s.jpg,image/jpeg,0,60,
841,Dumpling Time,https://s3-media0.fl.yelpcdn.com/bphoto/HOQckuBfaPp2hU8DIctulA/348s.jpg,200,https://s3-media0.fl.yelpcdn.com/bphoto/HOQckuBfaPp2hU8DIctulA/348s.jpg,image/jpeg,0,73,
842,D&J Auto Center,https://s3-media0.fl.yelpcdn.com/bphoto/HsMasTLexLUp-5sdo8ZH0g/o.jpg,200,https://s3-media0.fl.yelpcdn.com/bphoto/HsMasTLexLUp-5sdo8ZH0g/o.jpg,image/jpeg,0,69,
843,Venice Nail Salon,https://s3-media0.fl.yelpcdn.com/bphoto/H6SjmQgdlkGNsO06iB1-ag/o.jpg,200,https://s3-media0.fl.yelpcdn.com/bphoto/H6SjmQgdlkGNsO06iB1-ag/o.jpg,image/jpeg,0,68,
848,Dac Phuc,https://s3-media0.fl.yelpcdn.com/bphoto/bHYvvROOIEhH1-wVuCBFiQ/258s.jpg,200,https://s3-media0.fl.yelpcdn.com/bphoto/bHYvvROOIEhH1-wVuCBFiQ/258s.jpg,image/jpeg,0,82,
852,Taylor Automotive Service,https://s3-media0.fl.yelpcdn.com/bphoto/TakAuyCdBJ5Mg2cZ3QioRA/o.jpg,200,https://s3-media0.fl.yelpcdn.com/bphoto/TakAuyCdBJ5Mg2cZ3QioRA/o.jpg,image/jpeg,0,74,
856,LTM Smog & Repair,https://s3-media0.fl.yelpcdn.com/bphoto/9AUf4PdYK4el2HDXkGdG2g/l.jpg,200,https://s3-media0.fl.yelpcdn.com/bphoto/9AUf4PdYK4el2HDXkGdG2g/l.jpg,image/jpeg,0,77,
857,Mikee’s Auto Repair,https://s3-media0.fl.yelpcdn.com/bphoto/9GqZbeImTAUzGMmRbV5q4A/l.jpg,200,https://s3-media0.fl.yelpcdn.com/bphoto/9GqZbeImTAUzGMmRbV5q4A/l.jpg,image/jpeg,0,75,
861,Maria Asela Caces-Tiamson Inc.,https://s3-media0.fl.yelpcdn.com/bphoto/_aJM8ZH1BC9LGRnSkhEWjw/o.jpg,200,https://s3-media0.fl.yelpcdn.com/bphoto/_aJM8ZH1BC9LGRnSkhEWjw/o.jpg,image/jpeg,0,73,
864,Chez Sovan,https://s3-media0.fl.yelpcdn.com/bphoto/_2huD_pucBaEyS2ycMW_oA/l.jpg,200,https://s3-media0.fl.yelpcdn.com/bphoto/_2huD_pucBaEyS2ycMW_oA/l.jpg,image/jpeg,0,72,
865,101 Auto Body & Paint,https://s3-media0.fl.yelpcdn.com/bphoto/4mAoELOMxzuxcDLCeQSNIg/o.jpg,200,https://s3-media0.fl.yelpcdn.com/bphoto/4mAoELOMxzuxcDLCeQSNIg/o.jpg,image/jpeg,0,65,
874,Precious Smile Dental Center,https://s3-media0.fl.yelpcdn.com/bphoto/6AuTO_s0jJmXlaS4_0zWCQ/l.jpg,200,https://s3-media0.fl.yelpcdn.com/bphoto/6AuTO_s0jJmXlaS4_0zWCQ/l.jpg,image/jpeg,0,62,
875,Kim Tar B.B.Q.,https://s3-media0.fl.yelpcdn.com/bphoto/CttiGFPNMFvhOAphw1Gpzg/o.jpg,200,https://s3-media0.fl.yelpcdn.com/bphoto/CttiGFPNMFvhOAphw1Gpzg/o.jpg,image/jpeg,0,65,
876,Ma’s Restaurant,https://s3-media0.fl.yelpcdn.com/bphoto/2bc7u26zYH82Cx0_ktfNqQ/258s.jpg,200,https://s3-media0.fl.yelpcdn.com/bphoto/2bc7u26zYH82Cx0_ktfNqQ/258s.jpg,image/jpeg,0,61,
879,Mama Lupita's,https://s3-media0.fl.yelpcdn.com/bphoto/3sNbUNwdQ5sJfpW4ZP7BbQ/348s.jpg,200,https://s3-media0.fl.yelpcdn.com/bphoto/3sNbUNwdQ5sJfpW4ZP7BbQ/348s.jpg,image/jpeg,0,98,
888,Arté Boutique,https://s3-media0.fl.yelpcdn.com/bphoto/gHRXH0a536kW1psJ5uoxPg/o.jpg,200,https://s3-media0.fl.yelpcdn.com/bphoto/gHRXH0a536kW1psJ5uoxPg/o.jpg,image/jpeg,0,72,
889,Pho Saigon,https://s3-media0.fl.yelpcdn.com/bphoto/Ism-WuXmgBpehtftPr3mrA/258s.jpg,200,https://s3-media0.fl.yelpcdn.com/bphoto/Ism-WuXmgBpehtftPr3mrA/258s.jpg,image/jpeg,0,78,
892,Jessica’s Beauty Salon,https://s3-media0.fl.yelpcdn.com/bphoto/mVGVChWfYuneqVsW37KaLw/o.jpg,200,https://s3-media0.fl.yelpcdn.com/bphoto/mVGVChWfYuneqVsW37KaLw/o.jpg,image/jpeg,0,77,
894,The Jelly Donut,https://s3-media0.fl.yelpcdn.com/bphoto/Y4t1X8WZ_Rb-f_-vZnB3bQ/l.jpg,200,https://s3-media0.fl.yelpcdn.com/bphoto/Y4t1X8WZ_Rb-f_-vZnB3bQ/l.jpg,image/jpeg,0,84,
901,Ava's Skin Care Lash Studio,https://s3-media0.fl.yelpcdn.com/bphoto/mSp2yS_3iGHiddwNLz5rvw/o.jpg,200,https://s3-media0.fl.yelpcdn.com/bphoto/mSp2yS_3iGHiddwNLz5rvw/o.jpg,image/jpeg,0,71,
904,El Cerrito Taqueria and Cenaduria,https://s3-media0.fl.yelpcdn.com/bphoto/j324ohBhkyanetBIlhdr4g/o.jpg,200,https://s3-media0.fl.yelpcdn.com/bphoto/j324ohBhkyanetBIlhdr4g/o.jpg,image/jpeg,0,80,
907,Schroeder's Haircuts,https://s3-media0.fl.yelpcdn.com/bphoto/BWShoqr6Mt-u3_6hXv0JFg/o.jpg,200,https://s3-media0.fl.yelpcdn.com/bphoto/BWShoqr6Mt-u3_6hXv0JFg/o.jpg,image/jpeg,0,85,
909,New Dong Phuong Tofu,https://s3-media0.fl.yelpcdn.com/bphoto/kRbtRDdiWDFWrMFJr2wOZg/258s.jpg,200,https://s3-media0.fl.yelpcdn.com/bphoto/kRbtRDdiWDFWrMFJr2wOZg/258s.jpg,image/jpeg,0,83,
912,T&P Auto Services,https://s3-media0.fl.yelpcdn.com/bphoto/r-xas3eZ__p0OZHrYDW8tg/l.jpg,200,https://s3-media0.fl.yelpcdn.com/bphoto/r-xas3eZ__p0OZHrYDW8tg/l.jpg,image/jpeg,0,76,
915,Café Docanto,https://s3-media0.fl.yelpcdn.com/bphoto/BRaaqJR7zlASRQlsIveZEw/l.jpg,200,https://s3-media0.fl.yelpcdn.com/bphoto/BRaaqJR7zlASRQlsIveZEw/l.jpg,image/jpeg,0,89,
923,Michael J's Collision Centers,https://s3-media0.fl.yelpcdn.com/bphoto/ZoKShOYWfp3RCtdYnnRJ8g/o.jpg,200,https://s3-media0.fl.yelpcdn.com/bphoto/ZoKShOYWfp3RCtdYnnRJ8g/o.jpg,image/jpeg,0,75,
924,Thai Spice,https://s3-media0.fl.yelpcdn.com/bphoto/Ci_COPy9m7Kec5kkgd_63Q/o.jpg,200,https://s3-media0.fl.yelpcdn.com/bphoto/Ci_COPy9m7Kec5kkgd_63Q/o.jpg,image/jpeg,0,73,
925,Sweet Mango,https://s3-media0.fl.yelpcdn.com/bphoto/DBaXS1S9qt-dEG5Ly25AJQ/258s.jpg,200,https://s3-media0.fl.yelpcdn.com/bphoto/DBaXS1S9qt-dEG5Ly25AJQ/258s.jpg,image/jpeg,0,75,
931,Hollywood Nails,https://images.fresha.com/locations/location-profile-images/105034/1648149/14fbaedf-b763-49a2-8db5-db99698abda4.jpg?class=fallback,200,https://images.fresha.com/locations/location-profile-images/105034/1648149/14fbaedf-b763-49a2-8db5-db99698abda4.jpg?class=fallback,image/jpeg,0,77,
935,Kaizen,https://s3-media0.fl.yelpcdn.com/bphoto/yUtF4KrJ6ZcGDDd_Xvvelw/258s.jpg,200,https://s3-media0.fl.yelpcdn.com/bphoto/yUtF4KrJ6ZcGDDd_Xvvelw/258s.jpg,image/jpeg,0,82,
936,JCM Electric,https://s3-media0.fl.yelpcdn.com/projectphoto/lFmwAdftP3iyr4dpMZ5jFA/l.jpg,200,https://s3-media0.fl.yelpcdn.com/projectphoto/lFmwAdftP3iyr4dpMZ5jFA/l.jpg,image/jpeg,0,70,
937,Krupps Upholstery,https://s3-media0.fl.yelpcdn.com/bphoto/C3gTrlmZDqGwiKlcdQTswA/o.jpg,200,https://s3-media0.fl.yelpcdn.com/bphoto/C3gTrlmZDqGwiKlcdQTswA/o.jpg,image/jpeg,0,72,
942,Diamond Shoe Repair,https://s3-media0.fl.yelpcdn.com/bphoto/BPpU3Z3MTT6Qi4aiP6_jPA/348s.jpg,200,https://s3-media0.fl.yelpcdn.com/bphoto/BPpU3Z3MTT6Qi4aiP6_jPA/348s.jpg,image/jpeg,0,71,
944,Heartbeat Café,https://s3-media0.fl.yelpcdn.com/bphoto/-RFfd04sqq0CiqO6VjEOWg/348s.jpg,200,https://s3-media0.fl.yelpcdn.com/bphoto/-RFfd04sqq0CiqO6VjEOWg/348s.jpg,image/jpeg,0,94,
945,Rural Supply,https://s3-media0.fl.yelpcdn.com/bphoto/Aj9i-B8sS8tqZNaw7HCIyw/o.jpg,200,https://s3-media0.fl.yelpcdn.com/bphoto/Aj9i-B8sS8tqZNaw7HCIyw/o.jpg,image/jpeg,0,91,
946,T-Bird's Pizza,https://s3-media0.fl.yelpcdn.com/bphoto/tDqjPrniCdCryP1uUxpN-g/258s.jpg,200,https://s3-media0.fl.yelpcdn.com/bphoto/tDqjPrniCdCryP1uUxpN-g/258s.jpg,image/jpeg,0,91,
951,Two Pesos Taqueria,https://s3-media4.fl.yelpcdn.com/bphoto/lZyHWfNUTHlJWGM1nlvmfw/180s.jpg,200,https://s3-media4.fl.yelpcdn.com/bphoto/lZyHWfNUTHlJWGM1nlvmfw/180s.jpg,image/jpeg,0,87,
953,Formosa Aroma,https://s3-media0.fl.yelpcdn.com/bphoto/WOTUKER8Bj2WLJrsJjjtlw/348s.jpg,200,https://s3-media0.fl.yelpcdn.com/bphoto/WOTUKER8Bj2WLJrsJjjtlw/348s.jpg,image/jpeg,0,88,
954,Amatos Cheesesteaks,https://s3-media0.fl.yelpcdn.com/bphoto/vBfYlzJC5wL2MwyLtwiHBQ/258s.jpg,200,https://s3-media0.fl.yelpcdn.com/bphoto/vBfYlzJC5wL2MwyLtwiHBQ/258s.jpg,image/jpeg,0,94,
960,Nails A-1,https://s3-media0.fl.yelpcdn.com/bphoto/lAEo4VIPChNjIPqbpVCXnQ/o.jpg,200,https://s3-media0.fl.yelpcdn.com/bphoto/lAEo4VIPChNjIPqbpVCXnQ/o.jpg,image/jpeg,0,88,
963,Sushi Kuni,https://s3-media0.fl.yelpcdn.com/bphoto/vDuu7WVBfFMOGzezzrJxWg/o.jpg,200,https://s3-media0.fl.yelpcdn.com/bphoto/vDuu7WVBfFMOGzezzrJxWg/o.jpg,image/jpeg,0,88,
969,Tasty Pizza,https://s3-media0.fl.yelpcdn.com/bphoto/Ah276m-kZlG7d4N1EF73Aw/o.jpg,200,https://s3-media0.fl.yelpcdn.com/bphoto/Ah276m-kZlG7d4N1EF73Aw/o.jpg,image/jpeg,0,74,
970,Bento Express,https://s3-media0.fl.yelpcdn.com/bphoto/nK82-A4JZG9H1PolPRGw9Q/348s.jpg,200,https://s3-media0.fl.yelpcdn.com/bphoto/nK82-A4JZG9H1PolPRGw9Q/348s.jpg,image/jpeg,0,70,
971,Super Burrito,https://s3-media0.fl.yelpcdn.com/bphoto/uTgxBMy7z5IaW38yM5GcJQ/348s.jpg,200,https://s3-media0.fl.yelpcdn.com/bphoto/uTgxBMy7z5IaW38yM5GcJQ/348s.jpg,image/jpeg,0,71,
972,Pearly Bright Dental,https://s3-media0.fl.yelpcdn.com/bphoto/Az9UwmfBxgV40VACB3lFBA/l.jpg,200,https://s3-media0.fl.yelpcdn.com/bphoto/Az9UwmfBxgV40VACB3lFBA/l.jpg,image/jpeg,0,85,
974,Taqueria Patzcuaro,https://s3-media0.fl.yelpcdn.com/bphoto/poEzMnRiOrawhknGDr038A/l.jpg,200,https://s3-media0.fl.yelpcdn.com/bphoto/poEzMnRiOrawhknGDr038A/l.jpg,image/jpeg,0,67,
981,Sunny Beauty Salon & Nails,https://s3-media0.fl.yelpcdn.com/bphoto/Kx1TQjS3gAtm1pS1TRmpww/o.jpg,200,https://s3-media0.fl.yelpcdn.com/bphoto/Kx1TQjS3gAtm1pS1TRmpww/o.jpg,image/jpeg,0,61,
984,NAR,https://s3-media0.fl.yelpcdn.com/bphoto/eJepCO_mWL03RlhQG71Urw/348s.jpg,200,https://s3-media0.fl.yelpcdn.com/bphoto/eJepCO_mWL03RlhQG71Urw/348s.jpg,image/jpeg,0,59,
987,Mikado,https://s3-media0.fl.yelpcdn.com/bphoto/seqCWr897yhXvyrvyQ_7fQ/o.jpg,200,https://s3-media0.fl.yelpcdn.com/bphoto/seqCWr897yhXvyrvyQ_7fQ/o.jpg,image/jpeg,0,64,
989,The Pho Cabin,https://s3-media0.fl.yelpcdn.com/bphoto/PdLwkpJIs3cJT59zhYPvTw/o.jpg,200,https://s3-media0.fl.yelpcdn.com/bphoto/PdLwkpJIs3cJT59zhYPvTw/o.jpg,image/jpeg,0,67,
994,Paris Tailor,https://s3-media0.fl.yelpcdn.com/bphoto/WDf0Rtdak2_ojLcDmapmkw/o.jpg,200,https://s3-media0.fl.yelpcdn.com/bphoto/WDf0Rtdak2_ojLcDmapmkw/o.jpg,image/jpeg,0,68,
998,Downtown Local,https://s3-media0.fl.yelpcdn.com/bphoto/cgeozZKsCF6_kQzulxB9CA/258s.jpg,200,https://s3-media0.fl.yelpcdn.com/bphoto/cgeozZKsCF6_kQzulxB9CA/258s.jpg,image/jpeg,0,62,
